Year,Region,Species,Population,Habitat,Conservation_Status,YoY_Growth,Normalized_Population,Is_Endangered,Species_Dominance
2000,Africa,Cottontail,22583,Grassland,Least Concern,,0.22373926068766034,0,0.19622375921034338
2001,Africa,Cottontail,27648,Forest,Endangered,22.42837532657309,0.3109450594858904,1,0.3026435334683378
2002,Africa,Cottontail,36666,Forest,Least Concern,32.6171875,0.46621098121588816,0,0.3234017781541067
2003,Africa,Cottontail,33291,Grassland,Least Concern,-9.204712812960237,0.4081024775744219,0,0.29850438462779977
2004,Africa,Cottontail,23252,Grassland,Least Concern,-30.155297227478894,0.23525765740947988,0,0.38662476513526545
2005,Africa,Cottontail,15987,Urban,Least Concern,-31.244624118355414,0.11017372290421996,0,0.13615807179661882
2006,Africa,Cottontail,27745,Desert,Near Threatened,73.54725714643146,0.31261514092388215,0,0.2526038821515714
2007,Africa,Cottontail,22677,Desert,Endangered,-18.26635429807173,0.22535769012241524,1,0.193686422220514
2008,Africa,Cottontail,46244,Forest,Least Concern,103.92468139524627,0.6311186102167662,0,0.3600632236263266
2009,Africa,Cottontail,20693,Forest,Least Concern,-55.25257330680737,0.19119849864843924,0,0.19024372305118092
2010,Africa,Cottontail,35018,Urban,Least Concern,69.22630841347315,0.43783681410444036,0,0.26279333298312235
2011,Africa,Cottontail,35361,Grassland,Least Concern,0.97949625906677,0.44374235980785454,0,0.24414341639222023
2012,Africa,Cottontail,46769,Desert,Least Concern,32.26153106529792,0.6401577107832166,0,0.33896966095061387
2013,Africa,Cottontail,37382,Grassland,Least Concern,-20.070987192371014,0.47853859265508514,0,0.2400806648427164
2014,Africa,Cottontail,43453,Grassland,Least Concern,16.24043657375207,0.5830650298720752,0,0.29116578887414735
2015,Africa,Cottontail,40076,Grassland,Least Concern,-7.77161530849424,0.5249220915617844,0,0.24201067658639097
2016,Africa,Cottontail,26600,Forest,Least Concern,-33.62611039025851,0.29290129302181434,0,0.23740673306915142
2017,Africa,Cottontail,26486,Forest,Vulnerable,-0.4285714285714337,0.2909385168988137,0,0.22414420513688488
2018,Africa,Cottontail,27738,Grassland,Endangered,4.7270255984293685,0.3124946195829962,1,0.22062086902574626
2019,Africa,Cottontail,39452,Desert,Least Concern,42.230874612445014,0.5141784748885178,0,0.27705639866008414
2020,Africa,Cottontail,37496,Grassland,Least Concern,-4.9579235526716054,0.4805013687780858,0,0.23732246385984454
2021,Africa,Cottontail,24430,Grassland,Near Threatened,-34.84638361425218,0.2555396773471531,0,0.18552551640340217
2022,Africa,Cottontail,44983,Grassland,Least Concern,84.13016782644289,0.6094075515228732,0,0.2740760147691408
2023,Africa,Cottontail,38947,Grassland,Least Concern,-13.41840250761399,0.5054837210103131,0,0.2666196594946501
2024,Africa,Cottontail,39212,Grassland,Least Concern,0.6804118417336413,0.5100463146295691,0,0.2295515747570542
2025,Africa,Cottontail,55800,Grassland,Vulnerable,42.30337651739264,0.795647457860574,0,0.30420655516060796
2000,Africa,European Rabbit,63258,Grassland,Least Concern,,0.7688792103038725,0,0.5496489642708189
2001,Africa,European Rabbit,13846,Forest,Endangered,-78.1118593695659,0.06096075875012536,1,0.15156258551803403
2002,Africa,European Rabbit,34340,Forest,Least Concern,148.01386682074246,0.35457528044814396,0,0.302885972339825
2003,Africa,European Rabbit,51551,Grassland,Least Concern,50.11939429237042,0.6011547443373114,0,0.46223302189623944
2004,Africa,European Rabbit,23738,Urban,Vulnerable,-53.95239665573898,0.2026819868479491,0,0.3947057747626411
2005,Africa,European Rabbit,48873,Desert,Least Concern,105.88507877664503,0.5627874324847061,0,0.4162415364306094
2006,Africa,European Rabbit,30101,Forest,Least Concern,-38.409755897939554,0.29384375134314245,0,0.2740540442113697
2007,Africa,European Rabbit,32345,Grassland,Least Concern,7.454901830503968,0.3259932090717632,0,0.2762617333299169
2008,Africa,European Rabbit,29614,Urban,Endangered,-8.443345184727157,0.28686657401968507,1,0.23057936823090638
2009,Africa,European Rabbit,46132,Grassland,Near Threatened,55.77767272236105,0.5235175289044256,0,0.424120399738901
2010,Africa,European Rabbit,45216,Grassland,Least Concern,-1.9856065204196693,0.5103941317210848,0,0.33932444297689357
2011,Africa,European Rabbit,62030,Forest,Least Concern,37.18595187544231,0.7512858350406166,0,0.428274543107079
2012,Africa,European Rabbit,27467,Desert,Vulnerable,-55.719812993712715,0.25610682101462773,0,0.19907373853044777
2013,Africa,European Rabbit,64418,Grassland,Least Concern,134.5287071758838,0.7854983595753521,0,0.4137155922058238
2014,Africa,European Rabbit,59309,Desert,Least Concern,-7.931013070880811,0.712302468516741,0,0.3974121872445356
2015,Africa,European Rabbit,53517,Forest,Least Concern,-9.765802829250203,0.6293213369819052,0,0.3231780960892775
2016,Africa,European Rabbit,40522,Desert,Least Concern,-24.28200384924416,0.4431438845828737,0,0.36166149012887794
2017,Africa,European Rabbit,30208,Desert,Least Concern,-25.452840432357725,0.2953767245949082,0,0.2556425337451868
2018,Africa,European Rabbit,41537,Grassland,Least Concern,37.503310381355924,0.4576856401954183,0,0.3303745416656724
2019,Africa,European Rabbit,34947,Urban,Least Concern,-15.865373040903286,0.36327168011003025,0,0.24541949619725134
2020,Africa,European Rabbit,58537,Grassland,Least Concern,67.5022176438607,0.7012421381395149,0,0.3704967214359857
2021,Africa,European Rabbit,50497,Desert,Least Concern,-13.7349027111058,0.5860542414647775,0,0.38348268529769136
2022,Africa,European Rabbit,59740,Grassland,Least Concern,18.304057666792083,0.7184773420822648,0,0.3639886428719398
2023,Africa,European Rabbit,51382,Grassland,Least Concern,-13.990626046200205,0.5987335062106907,0,0.35174599697419856
2024,Africa,European Rabbit,52819,Grassland,Least Concern,2.7966992331944995,0.619321193713377,0,0.3092085235920852
2025,Africa,European Rabbit,51104,Desert,Least Concern,-3.2469376550105067,0.5947506411266638,0,0.27860522929977977
2000,Africa,Hare,10088,Desert,Vulnerable,,0.1300279714769728,0,0.08765466425691644
2001,Africa,Hare,28326,Grassland,Least Concern,180.78905630452022,0.4892841665681755,0,0.3100651305347272
2002,Africa,Hare,21483,Desert,Near Threatened,-24.158017369201445,0.3544892250718985,0,0.18948454699407283
2003,Africa,Hare,5581,Desert,Least Concern,-74.0213191826095,0.04124807942323602,0,0.050042142639384536
2004,Africa,Hare,11183,Desert,Vulnerable,100.37627665292956,0.15159752590316353,0,0.18594635938876972
2005,Africa,Hare,28930,Grassland,Least Concern,158.69623535723866,0.501181893393216,0,0.24639100625984756
2006,Africa,Hare,29189,Forest,Endangered,0.8952644313861002,0.5062837332072647,1,0.26575075567209294
2007,Africa,Hare,35749,Grassland,Least Concern,22.47421974031314,0.6355040775322066,0,0.30533562234692224
2008,Africa,Hare,32025,Desert,Least Concern,-10.41707460348541,0.5621478942599377,0,0.24935180210693514
2009,Africa,Hare,20467,Desert,Near Threatened,-36.09055425448868,0.33447583028010874,0,0.18816596335420285
2010,Africa,Hare,26471,Desert,Vulnerable,29.33502711682221,0.452743962494583,0,0.1986521879432358
2011,Africa,Hare,26860,Forest,Least Concern,1.4695326961580601,0.46040657132726626,0,0.18544985052162086
2012,Africa,Hare,30055,Desert,Near Threatened,11.89501116902456,0.5233423945160146,0,0.21783089567599692
2013,Africa,Hare,29265,Grassland,Vulnerable,-2.6285143902844754,0.5077807981720048,0,0.1879503680012331
2014,Africa,Hare,23389,Desert,Least Concern,-20.078592174953013,0.3920340385297246,0,0.15672281858507886
2015,Africa,Hare,36591,Forest,Least Concern,56.4453375518406,0.6520899814836701,0,0.22096548225802556
2016,Africa,Hare,23736,Grassland,Least Concern,-35.13158973518078,0.39886932198715674,0,0.21184534647102923
2017,Africa,Hare,28459,Desert,Least Concern,19.898045163464783,0.4919040302564709,0,0.24084119663182837
2018,Africa,Hare,28588,Forest,Least Concern,0.4532836712463517,0.4944451010518851,0,0.22738154891153053
2019,Africa,Hare,15201,Grassland,Least Concern,-46.82734014271722,0.23074498680219044,0,0.10675084447003799
2020,Africa,Hare,36334,Forest,Least Concern,139.02374843760276,0.647027538116062,0,0.2299678472872731
2021,Africa,Hare,29517,Forest,Near Threatened,-18.76204106346673,0.5127447504235118,0,0.2241570473876063
2022,Africa,Hare,19569,Forest,Least Concern,-33.702612054070535,0.3167868258283103,0,0.11923156599198177
2023,Africa,Hare,23784,Forest,Near Threatened,21.539169093975175,0.3998148367017295,0,0.16281823969550305
2024,Africa,Hare,39060,Grassland,Least Concern,64.22805247225025,0.7007248946145058,0,0.22866174920969443
2025,Africa,Hare,29661,Grassland,Vulnerable,-24.06298003072197,0.51558129456723,0,0.16170377477811457
2000,Africa,Jackrabbit,16723,Forest,Vulnerable,,0.37388663967611335,0,0.14530620047268178
2001,Africa,Jackrabbit,10581,Desert,Least Concern,-36.72785983376189,0.2357399910031489,0,0.11582288873077555
2002,Africa,Jackrabbit,14822,Grassland,Vulnerable,40.08127776202628,0.33112910481331537,0,0.13073313576065482
2003,Africa,Jackrabbit,17768,Urban,Near Threatened,19.875860207799214,0.3973909131803869,0,0.15931710991159012
2004,Africa,Jackrabbit,100,Desert,Vulnerable,-99.43719045475011,0.0,0,0.0016627591825875859
2005,Africa,Jackrabbit,15722,Forest,Vulnerable,15622.0,0.3513720197930724,0,0.13390111995911935
2006,Africa,Jackrabbit,17166,Grassland,Near Threatened,9.184582114234829,0.3838506522717049,0,0.15628755599257074
2007,Africa,Jackrabbit,18954,Grassland,Vulnerable,10.415938483047892,0.4240665766981557,0,0.16188792374509955
2008,Africa,Jackrabbit,20450,Grassland,Vulnerable,7.892793077978255,0.45771479982006297,0,0.1592269899480663
2009,Africa,Jackrabbit,20724,Forest,Vulnerable,1.3398533007334956,0.46387764282501126,0,0.19052872548749208
2010,Africa,Jackrabbit,13406,Desert,Least Concern,-35.311715884964286,0.2992802519118309,0,0.10060561488296699
2011,Africa,Jackrabbit,5432,Grassland,Vulnerable,-59.480829479337615,0.11992802519118309,0,0.0375042288917887
2012,Africa,Jackrabbit,12772,Forest,Near Threatened,135.12518409425627,0.28502024291497974,0,0.09256816501659733
2013,Africa,Jackrabbit,21723,Desert,Endangered,70.08299404948323,0.4863472784525416,1,0.13951292821085892
2014,Africa,Jackrabbit,8350,Desert,Vulnerable,-61.561478617133915,0.18556005398110662,0,0.05595089722456747
2015,Africa,Jackrabbit,22183,Forest,Least Concern,165.6646706586826,0.496693657219973,0,0.13395854972342328
2016,Africa,Jackrabbit,15507,Urban,Least Concern,-30.095117883063605,0.346536212325686,0,0.1384009853271929
2017,Africa,Jackrabbit,15935,Desert,Vulnerable,2.7600438511639958,0.35616284300494827,0,0.134853806118563
2018,Africa,Jackrabbit,17926,Urban,Vulnerable,12.49450894257922,0.400944669365722,0,0.1425787619206694
2019,Africa,Jackrabbit,29366,Grassland,Least Concern,63.817918107776414,0.6582546108861899,0,0.20622625476660322
2020,Africa,Jackrabbit,15822,Grassland,Least Concern,-46.12136484369679,0.353621232568601,0,0.100141775741158
2021,Africa,Jackrabbit,12777,Desert,Vulnerable,-19.24535456958665,0.2851327035537562,0,0.09703068043742406
2022,Africa,Jackrabbit,22905,Desert,Near Threatened,79.26743366987556,0.5129329734592892,0,0.13955741320692638
2023,Africa,Jackrabbit,15417,Forest,Least Concern,-32.69155206286837,0.3445119208277103,0,0.10554022878344982
2024,Africa,Jackrabbit,23335,Forest,Near Threatened,51.358889537523524,0.5226045883940621,0,0.13660578386605784
2025,Africa,Jackrabbit,26398,Desert,Least Concern,13.126205271052061,0.591497975708502,0,0.143914778550712
2000,Africa,Pygmy Rabbit,2436,Forest,Vulnerable,,0.06741702741702742,0,0.021166411789239538
2001,Africa,Pygmy Rabbit,10954,Grassland,Vulnerable,349.67159277504106,0.3132467532467533,0,0.11990586174812544
2002,Africa,Pygmy Rabbit,6065,Forest,Least Concern,-44.63209786379405,0.17215007215007214,0,0.05349456675134067
2003,Africa,Pygmy Rabbit,3335,Desert,Near Threatened,-45.0123660346249,0.09336219336219337,0,0.029903340924986102
2004,Africa,Pygmy Rabbit,1868,Urban,Least Concern,-43.9880059970015,0.05102453102453103,0,0.031060341530736103
2005,Africa,Pygmy Rabbit,7903,Forest,Vulnerable,323.0728051391863,0.2251948051948052,0,0.06730826555380488
2006,Africa,Pygmy Rabbit,5635,Grassland,Vulnerable,-28.697962798937116,0.15974025974025974,0,0.05130376197239521
2007,Africa,Pygmy Rabbit,7356,Urban,Vulnerable,30.541259982253766,0.2094083694083694,0,0.06282829835754734
2008,Africa,Pygmy Rabbit,100,Grassland,Vulnerable,-98.6405655247417,0.0,0,0.0007786160877656054
2009,Africa,Pygmy Rabbit,755,Desert,Least Concern,655.0,0.018903318903318905,0,0.006941188368223147
2010,Africa,Pygmy Rabbit,13142,Urban,Least Concern,1640.662251655629,0.3763924963924964,0,0.0986244212137813
2011,Africa,Pygmy Rabbit,15154,Desert,Near Threatened,15.309694110485461,0.43445887445887443,0,0.10462796108729124
2012,Africa,Pygmy Rabbit,20911,Forest,Least Concern,37.98996964497823,0.6006060606060606,0,0.1515575398263441
2013,Africa,Pygmy Rabbit,2918,Forest,Endangered,-86.04562192147674,0.08132756132756133,1,0.018740446739367783
2014,Africa,Pygmy Rabbit,14737,Forest,Least Concern,405.03769705277585,0.4224242424242424,0,0.09874830807167076
2015,Africa,Pygmy Rabbit,13229,Desert,Vulnerable,-10.232747506276718,0.3789033189033189,0,0.07988719534288267
2016,Africa,Pygmy Rabbit,5679,Grassland,Vulnerable,-57.07158515382871,0.16101010101010102,0,0.050685445003748525
2017,Africa,Pygmy Rabbit,17077,Urban,Least Concern,200.70434935728122,0.48995670995671,0,0.14451825836753693
2018,Africa,Pygmy Rabbit,9938,Forest,Vulnerable,-41.80476664519529,0.2839249639249639,0,0.07904427847638136
2019,Africa,Pygmy Rabbit,23431,Forest,Least Concern,135.771785067418,0.6733333333333333,0,0.1645470059060233
2020,Africa,Pygmy Rabbit,9807,Grassland,Endangered,-58.145192266655286,0.28014430014430014,1,0.06207119167573863
2021,Africa,Pygmy Rabbit,14459,Desert,Near Threatened,47.435505251351074,0.4144011544011544,0,0.10980407047387607
2022,Africa,Pygmy Rabbit,16929,Desert,Near Threatened,17.08278580814717,0.48568542568542566,0,0.10314636316001122
2023,Africa,Pygmy Rabbit,16547,Grassland,Near Threatened,-2.256482958237349,0.47466089466089467,0,0.1132758750521985
2024,Africa,Pygmy Rabbit,16394,Forest,Near Threatened,-0.9246389073548023,0.47024531024531024,0,0.0959723685751083
2025,Africa,Pygmy Rabbit,20465,Grassland,Least Concern,24.832255703306096,0.5877344877344878,0,0.11156966221078571
2000,Asia,Cottontail,32697,Grassland,Least Concern,,0.39787538093352387,0,0.26408800510455455
2001,Asia,Cottontail,45305,Forest,Least Concern,38.56011254855185,0.6149515332036294,0,0.33288268098957374
2002,Asia,Cottontail,35693,Desert,Least Concern,-21.21620130228452,0.4494585148327336,0,0.3050970604073887
2003,Asia,Cottontail,25381,Desert,Least Concern,-28.890818928081142,0.2719133623732374,0,0.1513268901701019
2004,Asia,Cottontail,56875,Desert,Least Concern,124.08494543162209,0.8141560923537818,0,0.4119287318027088
2005,Asia,Cottontail,23479,Grassland,Least Concern,-58.71824175824176,0.23916599232106886,0,0.11865331844207824
2006,Asia,Cottontail,53927,Forest,Least Concern,129.68184334937604,0.7633993905063619,0,0.32231592662765746
2007,Asia,Cottontail,46401,Grassland,Near Threatened,-13.955903350826116,0.6338217317194952,0,0.340815442132401
2008,Asia,Cottontail,25375,Desert,Near Threatened,-45.31367858451326,0.27181005836676364,0,0.20911450822036343
2009,Asia,Cottontail,30477,Grassland,Least Concern,20.106403940886697,0.35965289853824833,0,0.20574912068697807
2010,Asia,Cottontail,45703,Urban,Least Concern,49.95898546444859,0.6218040322997194,0,0.3162049593180938
2011,Asia,Cottontail,62053,Grassland,Least Concern,35.7744568190272,0.9033074499406002,0,0.3157672442307203
2012,Asia,Cottontail,40935,Desert,Least Concern,-34.03219828211368,0.5397117818219384,0,0.22013982253293896
2013,Asia,Cottontail,26187,Desert,Least Concern,-36.02784902894833,0.2857905339095401,0,0.15962524306169348
2014,Asia,Cottontail,41531,Urban,Near Threatened,58.59395883453622,0.549973313131661,0,0.26475800693594453
2015,Asia,Cottontail,45323,Grassland,Least Concern,9.13052900243192,0.6152614452230506,0,0.21694988272461826
2016,Asia,Cottontail,40270,Desert,Least Concern,-11.148864814773951,0.528262254437768,0,0.26061013965648905
2017,Asia,Cottontail,37253,Forest,Least Concern,-7.491929476036752,0.4763175565159002,0,0.1823392362436737
2018,Asia,Cottontail,55109,Desert,Least Concern,47.931710197836416,0.7837502797816842,0,0.24738292752998636
2019,Asia,Cottontail,66101,Grassland,Least Concern,19.94592534794679,0.9730032196415351,0,0.3001493913098757
2020,Asia,Cottontail,27693,Grassland,Least Concern,-58.10502110406801,0.31171983953444327,0,0.16026319901387176
2021,Asia,Cottontail,40896,Urban,Least Concern,47.6763080922977,0.5390403057798592,0,0.2068630624797669
2022,Asia,Cottontail,53816,Grassland,Least Concern,31.592331768388114,0.7614882663865981,0,0.2784945068024571
2023,Asia,Cottontail,64446,Desert,Least Concern,19.752489965809428,0.9445085311892013,0,0.3011748651755755
2024,Asia,Cottontail,46663,Forest,Least Concern,-27.593644291344688,0.6383326733355142,0,0.23493960738506775
2025,Asia,Cottontail,67669,Grassland,Least Concern,45.01639414525427,1.0,0,0.26431447911662115
2000,Asia,European Rabbit,54279,Grassland,Least Concern,,0.6402383988309288,0,0.43840208059057756
2001,Asia,European Rabbit,33232,Desert,Least Concern,-38.775585401352274,0.33870112752331694,0,0.24417519599703158
2002,Asia,European Rabbit,30972,Forest,Least Concern,-6.80067404910929,0.30632244014957233,0,0.26474283907033996
2003,Asia,European Rabbit,73674,Desert,Least Concern,137.87291747384734,0.9181077092795026,0,0.4392599703081867
2004,Asia,European Rabbit,33249,Urban,Least Concern,-54.870103428617966,0.33894468402126104,0,0.24081263127399144
2005,Asia,European Rabbit,76921,Desert,Least Concern,131.34831122740533,0.964627000386825,0,0.3887274546566336
2006,Asia,European Rabbit,50913,Desert,Least Concern,-33.811312905448446,0.5920142122379977,0,0.3043015701298779
2007,Asia,European Rabbit,40864,Grassland,Least Concern,-19.73759157778956,0.4480436682473961,0,0.3001461655416572
2008,Asia,European Rabbit,60963,Desert,Near Threatened,49.18510180109632,0.7359990830814195,0,0.5023940005768676
2009,Asia,European Rabbit,68985,Desert,Least Concern,13.158801240096452,0.8509290964053926,0,0.46571523084920374
2010,Asia,European Rabbit,59074,Forest,Least Concern,-14.366891353192724,0.7089356581039843,0,0.40871478386007637
2011,Asia,European Rabbit,68602,Grassland,Least Concern,16.128923045671527,0.8454419117752403,0,0.3490929445589395
2012,Asia,European Rabbit,66921,Grassland,Least Concern,-2.4503658785458127,0.8213584721844153,0,0.35988706641570317
2013,Asia,European Rabbit,52826,Grassland,Near Threatened,-21.062147905739604,0.6194214816831187,0,0.3220056932820491
2014,Asia,European Rabbit,67409,Desert,Least Concern,27.60572445386742,0.8283499763606929,0,0.42972893716850263
2015,Asia,European Rabbit,69035,Desert,Least Concern,2.4121408120577392,0.8516454390464047,0,0.33045330525106503
2016,Asia,European Rabbit,43962,Grassland,Vulnerable,-36.319258347215175,0.49242825828450265,0,0.28450317754106214
2017,Asia,European Rabbit,66869,Desert,Endangered,52.106364587598385,0.8206134758377627,1,0.3272982682838487
2018,Asia,European Rabbit,69119,Urban,Near Threatened,3.364787868818131,0.8528488946833049,0,0.31027346836170366
2019,Asia,European Rabbit,52433,Desert,Near Threatened,-24.140974261780414,0.613791028524764,0,0.23808615655664384
2020,Asia,European Rabbit,41561,Grassland,Endangered,-20.735033280567585,0.45802948466310406,1,0.2405192219772334
2021,Asia,European Rabbit,79390,Grassland,Least Concern,91.02042780491327,1.0,0,0.40157615733247004
2022,Asia,European Rabbit,62200,Forest,Least Concern,-21.65260108325986,0.7537214000200576,0,0.32188119375488383
2023,Asia,European Rabbit,64643,Grassland,Least Concern,3.9276527331189692,0.7887219014599063,0,0.3020955033600957
2024,Asia,European Rabbit,77097,Desert,Least Concern,19.26581377720713,0.9671485264831874,0,0.3881691899484938
2025,Asia,European Rabbit,75264,Grassland,Least Concern,-2.377524417292498,0.9408874052636857,0,0.2939804778588922
2000,Asia,Hare,12903,Urban,Vulnerable,,0.18547846984202024,0,0.10421529589454895
2001,Asia,Hare,30558,Desert,Near Threatened,136.82864450127877,0.5332506007958082,0,0.2245277334881226
2002,Asia,Hare,22178,Desert,Least Concern,-27.423260684599782,0.3681794902099831,0,0.18957337869372334
2003,Asia,Hare,28584,Grassland,Least Concern,28.8844801154297,0.49436630815900406,0,0.17042385361578316
2004,Asia,Hare,24779,Grassland,Least Concern,-13.311642877134055,0.41941456880589373,0,0.17946693706091113
2005,Asia,Hare,46629,Desert,Least Concern,88.17950684046976,0.8498207461686956,0,0.23564400466952026
2006,Asia,Hare,38764,Desert,Least Concern,-16.867185656994575,0.6948942205413072,0,0.23168829305903377
2007,Asia,Hare,25699,Urban,Near Threatened,-33.70395212052419,0.437536934168538,0,0.1887592087963745
2008,Asia,Hare,22566,Grassland,Endangered,-12.191135841861556,0.37582240081944607,1,0.18596563517244222
2009,Asia,Hare,20893,Urban,Least Concern,-7.413808384294962,0.34286727337194184,0,0.14104788458552459
2010,Asia,Hare,12369,Forest,Vulnerable,-40.79835351553152,0.17495961864239845,0,0.085577295621852
2011,Asia,Hare,34399,Desert,Least Concern,178.10655671436658,0.6089114761848481,0,0.17504516194692518
2012,Asia,Hare,40559,Urban,Near Threatened,17.907497310968346,0.7302525312216838,0,0.21811777359505244
2013,Asia,Hare,42864,Desert,Least Concern,5.683078971375033,0.7756569357443959,0,0.26128141515242026
2014,Asia,Hare,18358,Desert,Vulnerable,-57.17151922359089,0.2929322775085687,0,0.11703131374949001
2015,Asia,Hare,41859,Desert,Least Concern,128.0150343174638,0.755860221408029,0,0.20036857977119335
2016,Asia,Hare,32396,Grassland,Least Concern,-22.60684679519339,0.5694559350746563,0,0.20965299439562005
2017,Asia,Hare,48128,Desert,Least Concern,48.56155080874183,0.8793483827758736,0,0.23556821630299649
2018,Asia,Hare,49188,Desert,Least Concern,2.2024601063829863,0.9002284993893551,0,0.22080370609782374
2019,Asia,Hare,42673,Grassland,Least Concern,-13.245100430999434,0.7718945751093251,0,0.19376824821661287
2020,Asia,Hare,54253,Grassland,Least Concern,27.136596911395962,1.0,0,0.313969571230982
2021,Asia,Hare,46090,Grassland,Least Concern,-15.046172561885973,0.8392034038529724,0,0.23313572353512463
2022,Asia,Hare,41513,Grassland,Least Concern,-9.930570622694724,0.7490446361738171,0,0.21482723466795006
2023,Asia,Hare,40579,Desert,Least Concern,-2.2498976224315292,0.7306464956860891,0,0.18963744614032957
2024,Asia,Hare,33352,Forest,Least Concern,-17.80970452697208,0.5882874364732301,0,0.16792117492460362
2025,Asia,Hare,53219,Desert,Least Concern,59.567642120412565,0.9796320371902454,0,0.20787291468925892
2000,Asia,Jackrabbit,18134,Forest,Least Concern,,0.40562303193882143,0,0.146465176761354
2001,Asia,Jackrabbit,18809,Desert,Least Concern,3.7222896217050883,0.42080521817363925,0,0.13820086848544075
2002,Asia,Jackrabbit,20959,Grassland,Least Concern,11.430698070072843,0.46916329284750335,0,0.17915359563719666
2003,Asia,Jackrabbit,31666,Grassland,Least Concern,51.085452550217084,0.7099865047233468,0,0.18879938946954206
2004,Asia,Jackrabbit,9733,Forest,Least Concern,-69.26356344344092,0.21666666666666667,0,0.07049322807271674
2005,Asia,Jackrabbit,28095,Grassland,Near Threatened,188.65714579266415,0.6296671165092218,0,0.14198070538056085
2006,Asia,Jackrabbit,11789,Grassland,Vulnerable,-58.038796938957105,0.26291048133153394,0,0.07046159547190561
2007,Asia,Jackrabbit,17335,Urban,Endangered,47.04385444058021,0.3876518218623482,1,0.1273256112877992
2008,Asia,Jackrabbit,11654,Desert,Least Concern,-32.77184886068647,0.2598740440845704,0,0.09604021591330504
2009,Asia,Jackrabbit,17530,Forest,Vulnerable,50.42045649562381,0.39203778677462886,0,0.11834439366219528
2010,Asia,Jackrabbit,12382,Grassland,Near Threatened,-29.36679977181974,0.27624831309041836,0,0.08566723861183373
2011,Asia,Jackrabbit,24805,Grassland,Near Threatened,100.33112582781456,0.555668016194332,0,0.1262244612370557
2012,Asia,Jackrabbit,27809,Forest,Least Concern,12.110461600483768,0.6232343679712101,0,0.1495509545576768
2013,Asia,Jackrabbit,22644,Grassland,Near Threatened,-18.573123808838865,0.5070625281151597,0,0.13802856393970242
2014,Asia,Jackrabbit,20703,Forest,Vulnerable,-8.571807101218864,0.46340530814215025,0,0.13198056915544676
2015,Asia,Jackrabbit,34682,Grassland,Least Concern,67.52161522484663,0.7778227620332884,0,0.1660140730458092
2016,Asia,Jackrabbit,23028,Forest,Near Threatened,-33.602445072371836,0.5156995051731894,0,0.14902732297019194
2017,Asia,Jackrabbit,28087,Forest,Vulnerable,21.968907417057505,0.6294871794871795,0,0.13747515980930564
2018,Asia,Jackrabbit,44560,Desert,Least Concern,58.64990921066686,1.0,0,0.20002872944049416
2019,Asia,Jackrabbit,36987,Urban,Least Concern,-16.995062836624776,0.8296671165092218,0,0.1679494339931071
2020,Asia,Jackrabbit,20332,Desert,Least Concern,-45.02933463108659,0.45506072874493925,0,0.11766407981620051
2021,Asia,Jackrabbit,31220,Grassland,Least Concern,53.551052528034624,0.6999550157444895,0,0.15791922952411783
2022,Asia,Jackrabbit,20537,Grassland,Least Concern,-34.21844971172325,0.4596716149347728,0,0.10627771826598151
2023,Asia,Jackrabbit,24590,Desert,Least Concern,19.73511223645128,0.5508322087269456,0,0.11491620790533784
2024,Asia,Jackrabbit,28624,Urban,Near Threatened,16.405042700284667,0.6415654520917679,0,0.14411656605426523
2025,Asia,Jackrabbit,31462,Grassland,Least Concern,9.914756847400774,0.7053981106612686,0,0.12289027681755509
2000,Asia,Pygmy Rabbit,5798,Grassland,Endangered,,0.16444444444444445,1,0.04682944164896496
2001,Asia,Pygmy Rabbit,8195,Desert,Vulnerable,41.34184201448776,0.23362193362193362,0,0.0602135210398313
2002,Asia,Pygmy Rabbit,7187,Forest,Near Threatened,-12.300183038438073,0.20453102453102454,0,0.06143312619135132
2003,Asia,Pygmy Rabbit,8418,Urban,Vulnerable,17.128148045081403,0.24005772005772005,0,0.05018989643638618
2004,Asia,Pygmy Rabbit,13434,Urban,Vulnerable,59.58660014255168,0.38481962481962484,0,0.09729847178967191
2005,Asia,Pygmy Rabbit,22755,Grassland,Least Concern,69.3836534167039,0.6538239538239539,0,0.11499451685120705
2006,Asia,Pygmy Rabbit,11918,Desert,Vulnerable,-47.62469786860031,0.3410678210678211,0,0.07123261471152524
2007,Asia,Pygmy Rabbit,5848,Forest,Vulnerable,-50.931364322872966,0.1658874458874459,0,0.04295357224176809
2008,Asia,Pygmy Rabbit,787,Forest,Endangered,-86.5424076607387,0.019826839826839828,1,0.006485640117021715
2009,Asia,Pygmy Rabbit,10242,Grassland,Vulnerable,1201.397712833545,0.2926984126984127,0,0.06914337021609834
2010,Asia,Pygmy Rabbit,15008,Grassland,Near Threatened,46.53388010154267,0.43024531024531026,0,0.10383572258814414
2011,Asia,Pygmy Rabbit,6656,Grassland,Near Threatened,-55.6503198294243,0.1892063492063492,0,0.03387018802635931
2012,Asia,Pygmy Rabbit,9726,Grassland,Near Threatened,46.12379807692308,0.2778066378066378,0,0.05230438289862866
2013,Asia,Pygmy Rabbit,19532,Desert,Least Concern,100.82253752827475,0.5608080808080808,0,0.11905908456413476
2014,Asia,Pygmy Rabbit,8863,Grassland,Near Threatened,-54.623182469793164,0.2529004329004329,0,0.05650117299061608
2015,Asia,Pygmy Rabbit,18011,Desert,Least Concern,103.21561548008576,0.5169119769119769,0,0.08621415920731415
2016,Asia,Pygmy Rabbit,14866,Forest,Least Concern,-17.46155127422131,0.42614718614718616,0,0.09620636543663685
2017,Asia,Pygmy Rabbit,23969,Grassland,Vulnerable,61.233687609309825,0.6888600288600288,0,0.11731911936017542
2018,Asia,Pygmy Rabbit,4792,Desert,Least Concern,-80.00750970002922,0.1354112554112554,0,0.0215111685699921
2019,Asia,Pygmy Rabbit,22033,Grassland,Near Threatened,359.78714524207015,0.632987012987013,0,0.10004676992376048
2020,Asia,Pygmy Rabbit,28958,Forest,Vulnerable,31.430127535968765,0.8328427128427128,0,0.1675839279617123
2021,Asia,Pygmy Rabbit,100,Grassland,Endangered,-99.65467228399751,0.0,1,0.0005058271285205569
2022,Asia,Pygmy Rabbit,15173,Forest,Least Concern,15072.999999999998,0.435007215007215,0,0.07851934650872754
2023,Asia,Pygmy Rabbit,19724,Desert,Least Concern,29.994068410993215,0.5663492063492064,0,0.09217597741866139
2024,Asia,Pygmy Rabbit,12881,Forest,Least Concern,-34.69377408233624,0.36886002886002883,0,0.06485346168756954
2025,Asia,Pygmy Rabbit,28403,Grassland,Near Threatened,120.50306653210154,0.8168253968253968,0,0.11094185151767265
2000,Australia,Cottontail,34451,Urban,Near Threatened,,0.428074585492674,0,0.28567045614733366
2001,Australia,Cottontail,32638,Forest,Near Threatened,-5.262546805607959,0.39685955820319896,0,0.3735436170943301
2002,Australia,Cottontail,41804,Forest,Least Concern,28.083828665972188,0.5546736454262151,0,0.5217087446492531
2003,Australia,Cottontail,30271,Forest,Least Concern,-27.58826906516123,0.3561061276493173,0,0.4414999124905198
2004,Australia,Cottontail,17591,Desert,Vulnerable,-41.888275907634366,0.13779032730152718,0,0.18278642532055944
2005,Australia,Cottontail,18264,Urban,Least Concern,3.8258200216019445,0.14937759336099585,0,0.19595935753140994
2006,Australia,Cottontail,35591,Desert,Least Concern,94.86968900569426,0.4477023467226804,0,0.31511518778885483
2007,Australia,Cottontail,15404,Grassland,Least Concern,-56.719395352757715,0.10013601694185706,0,0.14287039269880725
2008,Australia,Cottontail,38934,Grassland,Near Threatened,152.75253180991953,0.5052598956629535,0,0.2551928005400906
2009,Australia,Cottontail,25364,Grassland,Near Threatened,-34.85385524220476,0.2716206676882285,0,0.3152804882596428
2010,Australia,Cottontail,38520,Grassland,Least Concern,51.868790411607016,0.4981319192162669,0,0.37364321534924777
2011,Australia,Cottontail,35983,Forest,Least Concern,-6.586188992731046,0.45445154181229663,0,0.32752610068904
2012,Australia,Cottontail,40310,Forest,Least Concern,12.025122974738078,0.5289509478142594,0,0.30405430888176505
2013,Australia,Cottontail,39391,Desert,Near Threatened,-2.2798313073678966,0.5131282174893683,0,0.2717276584003035
2014,Australia,Cottontail,38217,Forest,Least Concern,-2.980376228072401,0.49291506688934417,0,0.4203781720583868
2015,Australia,Cottontail,16520,Grassland,Near Threatened,-56.77316377528325,0.11935056214596856,0,0.16201002265394385
2016,Australia,Cottontail,50770,Desert,Least Concern,207.32445520581115,0.709044265766774,0,0.3326846081765581
2017,Australia,Cottontail,43967,Desert,Near Threatened,-13.399645459917275,0.5919147397599903,0,0.366633033413664
2018,Australia,Cottontail,35052,Forest,Least Concern,-20.27657106466213,0.4384222034744581,0,0.28025457336574133
2019,Australia,Cottontail,24216,Desert,Least Concern,-30.914070523793225,0.25185516778292383,0,0.20758469345768757
2020,Australia,Cottontail,51244,Forest,Least Concern,111.61215725140403,0.7172052822781977,0,0.27688084894854004
2021,Australia,Cottontail,49343,Desert,Least Concern,-3.7097025993287014,0.6844751295604414,0,0.3128657751738918
2022,Australia,Cottontail,20922,Forest,Least Concern,-57.59884887420708,0.1951412682288528,0,0.21571963252807078
2023,Australia,Cottontail,39927,Desert,Endangered,90.83739604244336,0.5223567087343537,1,0.2979782525952848
2024,Australia,Cottontail,42402,Grassland,Least Concern,6.198812833420986,0.5649696114047623,0,0.30967996377499596
2025,Australia,Cottontail,30296,Grassland,Least Concern,-28.55054006886467,0.3565365610096245,0,0.20186836178520504
2000,Australia,European Rabbit,33841,Forest,Least Concern,,0.3474261808908437,0,0.280612287204491
2001,Australia,European Rabbit,16382,Desert,Vulnerable,-51.59126503353919,0.09729365750225648,0,0.18749284684231007
2002,Australia,European Rabbit,12618,Forest,Least Concern,-22.976437553412275,0.043367383486869436,0,0.15747107788690737
2003,Australia,European Rabbit,9591,Grassland,Vulnerable,-23.989538754160723,0.0,0,0.1398839040896097
2004,Australia,European Rabbit,42339,Forest,Least Concern,341.44510478573665,0.46917577615725153,0,0.4399405640183711
2005,Australia,European Rabbit,25826,Urban,Vulnerable,-39.00186589196721,0.23259645553661226,0,0.27709408495434695
2006,Australia,European Rabbit,50874,Urban,Least Concern,96.987531944552,0.5914554649780083,0,0.4504276379862943
2007,Australia,European Rabbit,45231,Urban,Least Concern,-11.092109918622484,0.5106090345133885,0,0.41951251182548366
2008,Australia,European Rabbit,49065,Grassland,Least Concern,8.476487364860375,0.5655381882261924,0,0.32159641337904005
2009,Australia,European Rabbit,26821,Desert,Least Concern,-45.3357790685825,0.24685167409275205,0,0.333391341098087
2010,Australia,European Rabbit,19502,Grassland,Near Threatened,-27.288318854628834,0.14199343830140834,0,0.18916900274509424
2011,Australia,European Rabbit,34735,Forest,Least Concern,78.10993744231361,0.36023438731213914,0,0.3161664982751245
2012,Australia,European Rabbit,39930,Urban,Least Concern,14.956096156614374,0.434662387713291,0,0.30118800678861024
2013,Australia,European Rabbit,53385,Grassland,Least Concern,33.696468820435754,0.6274301924096334,0,0.368261304452799
2014,Australia,European Rabbit,26311,Forest,Least Concern,-50.714620211669946,0.23954497915442916,0,0.28941492228663196
2015,Australia,European Rabbit,30797,Desert,Least Concern,17.049903082360984,0.3038152409060302,0,0.30202316390275474
2016,Australia,European Rabbit,52101,Grassland,Least Concern,69.17556904893334,0.6090345133884439,0,0.3414063575065364
2017,Australia,European Rabbit,21411,Desert,Least Concern,-58.90481948523061,0.16934340033524836,0,0.17854254050583301
2018,Australia,European Rabbit,34386,Desert,Near Threatened,60.59969174723272,0.35523431567787506,0,0.27492964052705643
2019,Australia,European Rabbit,36224,Desert,Least Concern,5.3451986273483465,0.381567071161478,0,0.31051981895487585
2020,Australia,European Rabbit,56736,Grassland,Least Concern,56.62544169611308,0.6754394762102609,0,0.306555144913441
2021,Australia,European Rabbit,47236,Grassland,Near Threatened,-16.744218838127466,0.5393343744179716,0,0.29950606481393416
2022,Australia,European Rabbit,33800,Desert,Least Concern,-28.444406808366494,0.34683877992521384,0,0.34850031447513585
2023,Australia,European Rabbit,21245,Desert,Least Concern,-37.14497041420118,0.16696514276708835,0,0.1585530587418746
2024,Australia,European Rabbit,25680,Desert,Vulnerable,20.87550011767474,0.23050473502485708,0,0.18755203692613312
2025,Australia,European Rabbit,37884,Grassland,Least Concern,47.52336448598131,0.405349646843078,0,0.2524287370567305
2000,Australia,Hare,31266,Grassland,Least Concern,,0.5471969428357563,0,0.2592601806015075
2001,Australia,Hare,24189,Urban,Least Concern,-22.634810976779885,0.40779261710593706,0,0.2768443701787717
2002,Australia,Hare,18696,Grassland,Near Threatened,-22.708669229815204,0.29959027695701845,0,0.23332376542824695
2003,Australia,Hare,20049,Grassland,Least Concern,7.236842105263164,0.32624197297403773,0,0.29241292806720726
2004,Australia,Hare,22980,Desert,Near Threatened,14.619183001645975,0.38397746523263604,0,0.23878301710343108
2005,Australia,Hare,25821,Grassland,Near Threatened,12.362924281984334,0.43994011740141037,0,0.277040438612491
2006,Australia,Hare,15611,Forest,Vulnerable,-39.54145850276907,0.2388212583224993,0,0.13821649283728507
2007,Australia,Hare,18826,Grassland,Least Concern,20.59445262955608,0.302151045975653,0,0.1746090634216921
2008,Australia,Hare,23939,Desert,Endangered,27.159247848719858,0.40286806130087066,1,0.15690811250139283
2009,Australia,Hare,14000,Forest,Near Threatened,-41.5180249801579,0.20708742071465153,0,0.17402329426096036
2010,Australia,Hare,21737,Forest,Least Concern,55.26428571428572,0.35949257376984595,0,0.21084845721823983
2011,Australia,Hare,18752,Grassland,Near Threatened,-13.732345769885445,0.30069337745735336,0,0.17068530806549975
2012,Australia,Hare,22778,Forest,Least Concern,21.469709897610922,0.37999842414214235,0,0.1718121817838959
2013,Australia,Hare,32314,Desert,Least Concern,41.86495741504961,0.5678406807705945,0,0.22290897802917944
2014,Australia,Hare,3487,Grassland,Vulnerable,-89.20901157393081,0.0,0,0.03835619451991508
2015,Australia,Hare,32984,Grassland,Least Concern,845.9133926010898,0.5810384903281725,0,0.3234708587904167
2016,Australia,Hare,15456,Desert,Least Concern,-53.140916808149406,0.23576803372335817,0,0.1012797578092748
2017,Australia,Hare,18567,Desert,Near Threatened,20.128105590062106,0.29704920616160424,0,0.15482692772742054
2018,Australia,Hare,16667,Desert,Near Threatened,-10.233209457639902,0.25962258204309974,0,0.1332592426762185
2019,Australia,Hare,21760,Desert,Near Threatened,30.557388852222967,0.35994563290391207,0,0.18653134000822932
2020,Australia,Hare,22073,Grassland,Vulnerable,1.4384191176470607,0.3661111767718552,0,0.11926451836002507
2021,Australia,Hare,24794,Forest,Least Concern,12.32727766955104,0.4197100421541977,0,0.15720961493345506
2022,Australia,Hare,18891,Grassland,Endangered,-23.808179398241514,0.30343143048497023,1,0.1947786816789879
2023,Australia,Hare,27177,Urban,Near Threatened,43.86215658249961,0.46665090808809045,0,0.202824028120872
2024,Australia,Hare,35449,Forest,Endangered,30.43750229973874,0.629594610566127,1,0.25889922729729337
2025,Australia,Hare,30477,Forest,Least Concern,-14.025783519986456,0.5316550447149667,0,0.20307440131131813
2000,Australia,Jackrabbit,11658,Forest,Near Threatened,,0.25996401259559154,0,0.09666907136993458
2001,Australia,Jackrabbit,8042,Grassland,Vulnerable,-31.017327157316863,0.17863247863247864,0,0.09204111062787557
2002,Australia,Jackrabbit,6911,Desert,Near Threatened,-14.063665754787369,0.15319388214125057,0,0.0862484244156298
2003,Australia,Jackrabbit,8553,Forest,Vulnerable,23.759224424829984,0.1901259559154296,0,0.12474476401610174
2004,Australia,Jackrabbit,13228,Grassland,Endangered,54.65918391207762,0.29527665317139,1,0.1374509029697209
2005,Australia,Jackrabbit,19766,Desert,Least Concern,49.42546114302995,0.4423301844354476,0,0.21207471862493696
2006,Australia,Jackrabbit,8971,Desert,Vulnerable,-54.613983608216124,0.199527665317139,0,0.07942733695748411
2007,Australia,Jackrabbit,14745,Desert,Endangered,64.36294727455135,0.32939721097615837,1,0.13675824073902318
2008,Australia,Jackrabbit,17090,Desert,Least Concern,15.903696168192605,0.3821412505623032,0,0.11201636002543144
2009,Australia,Jackrabbit,674,Grassland,Endangered,-96.05617320070216,0.012910481331533963,1,0.008377978595134805
2010,Australia,Jackrabbit,15754,Urban,Least Concern,2237.3887240356084,0.3520917678812416,0,0.1528134790916939
2011,Australia,Jackrabbit,10822,Desert,Near Threatened,-31.306334899073253,0.24116059379217275,0,0.0985045010604116
2012,Australia,Jackrabbit,13126,Forest,Vulnerable,21.289964886342627,0.2929824561403509,0,0.09900810861776353
2013,Australia,Jackrabbit,18451,Forest,Least Concern,40.56833765046473,0.412753036437247,0,0.12727899837891904
2014,Australia,Jackrabbit,13232,Urban,Least Concern,-28.285729770744126,0.2953666216824112,0,0.14554894347218708
2015,Australia,Jackrabbit,16718,Forest,Near Threatened,26.34522370012091,0.37377417903733695,0,0.16395178926928772
2016,Australia,Jackrabbit,20663,Grassland,Least Concern,23.597320253618847,0.4625056230319388,0,0.1354000799439082
2017,Australia,Jackrabbit,22854,Desert,Endangered,10.603494168320182,0.5117858749437697,1,0.19057546217926802
2018,Australia,Jackrabbit,13838,Forest,Least Concern,-39.450424433359586,0.3089968511021143,0,0.11064027120378662
2019,Australia,Jackrabbit,20505,Desert,Vulnerable,48.17892759069229,0.45895186684660366,0,0.17577321355095324
2020,Australia,Jackrabbit,32818,Grassland,Near Threatened,60.04876859302608,0.735897435897436,0,0.1773217489031533
2021,Australia,Jackrabbit,21879,Desert,Least Concern,-33.33231763056859,0.4898560503823662,0,0.138726674402237
2022,Australia,Jackrabbit,11436,Desert,Endangered,-47.730700671877145,0.2549707602339181,1,0.11791270995081815
2023,Australia,Jackrabbit,28912,Grassland,Least Concern,152.8156698146205,0.6480431848852901,0,0.2157724657258215
2024,Australia,Jackrabbit,14212,Grassland,Near Threatened,-50.84394023242944,0.3174089068825911,0,0.10379632199354377
2025,Australia,Jackrabbit,32418,Desert,Least Concern,128.10301153954407,0.7269005847953216,0,0.2160076760084756
2000,Australia,Pygmy Rabbit,9381,Grassland,Vulnerable,,0.26784992784992784,0,0.07778800467673325
2001,Australia,Pygmy Rabbit,6123,Forest,Near Threatened,-34.729772945315,0.17382395382395383,0,0.07007805525671253
2002,Australia,Pygmy Rabbit,100,Forest,Vulnerable,-98.36681365343786,0.0,0,0.00124798761996281
2003,Australia,Pygmy Rabbit,100,Grassland,Vulnerable,0.0,0.0,0,0.001458491336561461
2004,Australia,Pygmy Rabbit,100,Urban,Near Threatened,0.0,0.0,0,0.0010390905879174546
2005,Australia,Pygmy Rabbit,3526,Forest,Endangered,3426.0,0.09887445887445888,1,0.03783140027681512
2006,Australia,Pygmy Rabbit,1899,Desert,Near Threatened,-46.142938173567785,0.05191919191919192,0,0.01681334443008163
2007,Australia,Pygmy Rabbit,13612,Desert,Vulnerable,616.7983149025803,0.38995670995670995,0,0.12624979131499378
2008,Australia,Pygmy Rabbit,23539,Forest,Least Concern,72.92829856009403,0.6764502164502164,0,0.1542863135540451
2009,Australia,Pygmy Rabbit,13590,Grassland,Least Concern,-42.266026594162874,0.38932178932178935,0,0.1689268977861751
2010,Australia,Pygmy Rabbit,7580,Urban,Least Concern,-44.223693892568065,0.21587301587301588,0,0.07352584559572425
2011,Australia,Pygmy Rabbit,9571,Desert,Near Threatened,26.26649076517151,0.2733333333333333,0,0.08711759190992417
2012,Australia,Pygmy Rabbit,16431,Forest,Endangered,71.67485111273639,0.4713131313131313,1,0.12393739392796531
2013,Australia,Pygmy Rabbit,1424,Grassland,Vulnerable,-91.33345505447022,0.03821067821067821,0,0.00982306073879902
2014,Australia,Pygmy Rabbit,9664,Desert,Least Concern,578.6516853932584,0.276017316017316,0,0.10630176766287908
2015,Australia,Pygmy Rabbit,4950,Urban,Vulnerable,-48.77897350993378,0.13997113997113997,0,0.048544165383596974
2016,Australia,Pygmy Rabbit,13617,Forest,Vulnerable,175.0909090909091,0.3901010101010101,0,0.0892291965637225
2017,Australia,Pygmy Rabbit,13122,Grassland,Near Threatened,-3.6351619299405113,0.3758152958152958,0,0.10942203617381442
2018,Australia,Pygmy Rabbit,25129,Desert,Near Threatened,91.50281969212011,0.7223376623376624,0,0.20091627222719713
2019,Australia,Pygmy Rabbit,13951,Grassland,Vulnerable,-44.482470452465286,0.39974025974025973,0,0.119590934028254
2020,Australia,Pygmy Rabbit,22205,Grassland,Endangered,59.16421761880868,0.6379509379509379,1,0.1199777388748406
2021,Australia,Pygmy Rabbit,14461,Desert,Least Concern,-34.87502814681378,0.41445887445887447,0,0.09169187067648196
2022,Australia,Pygmy Rabbit,11938,Desert,Vulnerable,-17.44692621533781,0.34164502164502164,0,0.12308866136698733
2023,Australia,Pygmy Rabbit,16732,Urban,Vulnerable,40.15748031496062,0.48,0,0.12487219481614711
2024,Australia,Pygmy Rabbit,19179,Desert,Near Threatened,14.624671288548896,0.5506204906204906,0,0.14007245000803378
2025,Australia,Pygmy Rabbit,19003,Forest,Least Concern,-0.9176703686323617,0.5455411255411255,0,0.12662082383827078
2000,Europe,Cottontail,33246,Forest,Least Concern,,0.40732769752586906,0,0.27929365906112436
2001,Europe,Cottontail,45678,Forest,Least Concern,37.39397220718281,0.6213735989394122,0,0.268261742838014
2002,Europe,Cottontail,23482,Forest,Least Concern,-48.59232015412233,0.2392176443243057,0,0.21775457403303133
2003,Europe,Cottontail,40233,Grassland,Near Threatened,71.33549101439401,0.5276252130645134,0,0.3717807738155743
2004,Europe,Cottontail,41302,Grassland,Least Concern,2.6570228419456665,0.5460305435512474,0,0.2975412611392469
2005,Europe,Cottontail,38780,Desert,Least Concern,-6.106241828482883,0.5026084261634614,0,0.2852414401824133
2006,Europe,Cottontail,17081,Grassland,Least Concern,-55.95410005157297,0.12900948675126117,0,0.14290973285476435
2007,Europe,Cottontail,27665,Forest,Vulnerable,61.963585270183245,0.3112377541708993,0,0.18480911186078358
2008,Europe,Cottontail,14838,Grassland,Vulnerable,-46.3654437014278,0.09039100566450302,0,0.11477058259336036
2009,Europe,Cottontail,37221,Grassland,Least Concern,150.84917104731096,0.47576660181470704,0,0.2971546727554328
2010,Europe,Cottontail,34322,Desert,Least Concern,-7.788613954488055,0.42585354935348907,0,0.2153294059337612
2011,Europe,Cottontail,41378,Grassland,Least Concern,20.558242526659278,0.5473390609665811,0,0.2611505569756067
2012,Europe,Cottontail,33901,Urban,Least Concern,-18.069988882981292,0.41860505156591654,0,0.32466002681478645
2013,Europe,Cottontail,43900,Grassland,Least Concern,29.494705170938907,0.5907611783543671,0,0.23603292632439205
2014,Europe,Cottontail,39762,Forest,Least Concern,-9.425968109339411,0.5195158485563265,0,0.2467528437827741
2015,Europe,Cottontail,51531,Desert,Near Threatened,29.59861173985212,0.7221466572545239,0,0.30568770984849386
2016,Europe,Cottontail,47132,Desert,Least Concern,-8.536609031456788,0.6464076031748764,0,0.28963669436114253
2017,Europe,Cottontail,34153,Forest,Least Concern,-27.537554103369267,0.4229438198378127,0,0.25533998729019475
2018,Europe,Cottontail,51824,Urban,Least Concern,51.74069627851141,0.7271913362373237,0,0.3072253444310071
2019,Europe,Cottontail,61494,Urban,Least Concern,18.65930842852732,0.8936829600041322,0,0.28514460328574276
2020,Europe,Cottontail,57944,Urban,Least Concern,-5.772920935375813,0.8325614228405158,0,0.3322000859968468
2021,Europe,Cottontail,47943,Urban,Least Concern,-17.259768051912193,0.6603708613832406,0,0.2774398888921038
2022,Europe,Cottontail,56931,Forest,Least Concern,18.74726237406921,0.8151202630808698,0,0.3429722940123981
2023,Europe,Cottontail,37076,Grassland,Vulnerable,-34.875551105724476,0.4732700883249255,0,0.20428786317628064
2024,Europe,Cottontail,46409,Urban,Least Concern,25.172618405437476,0.6339594703947935,0,0.23226565236975127
2025,Europe,Cottontail,38299,Desert,Least Concern,-17.475058717059188,0.4943268883111517,0,0.17622185208020835
2000,Europe,European Rabbit,25639,Forest,Near Threatened,,0.2299173340592272,0,0.2153886219295003
2001,Europe,European Rabbit,56238,Forest,Least Concern,119.34552829673547,0.6683047035057809,0,0.3302794319743472
2002,Europe,European Rabbit,51241,Grassland,Least Concern,-8.88545111846083,0.5967134199630367,0,0.47517085972347156
2003,Europe,European Rabbit,33391,Forest,Least Concern,-34.835385726273884,0.34097909712173524,0,0.3085559570122994
2004,Europe,European Rabbit,68357,Forest,Least Concern,104.71683986703005,0.8419318328342813,0,0.49244656403310977
2005,Europe,European Rabbit,36030,Forest,Least Concern,-47.29142589639685,0.3787876617143512,0,0.26501415909675996
2006,Europe,European Rabbit,50670,Forest,Least Concern,40.63280599500416,0.5885327870026791,0,0.42393514219020606
2007,Europe,European Rabbit,58703,Grassland,Least Concern,15.85356226564041,0.7036203957076749,0,0.39215070643642075
2008,Europe,European Rabbit,60185,Forest,Least Concern,2.524572849769169,0.724852791587272,0,0.46552550973051576
2009,Europe,European Rabbit,39541,Grassland,Least Concern,-34.300905541247815,0.4290892419662173,0,0.31567644381995563
2010,Europe,European Rabbit,64950,Forest,Endangered,64.25988214764422,0.7931202452757203,1,0.4074833901112345
2011,Europe,European Rabbit,59316,Desert,Least Concern,-8.674364896073905,0.7124027564864827,0,0.37436334374704155
2012,Europe,European Rabbit,29238,Forest,Near Threatened,-50.708072021039854,0.2814796773592745,0,0.28000383068377704
2013,Europe,European Rabbit,67930,Grassland,Least Concern,132.33463301183392,0.8358142666800384,0,0.36523272631471415
2014,Europe,European Rabbit,53510,Urban,Least Concern,-21.227734432504054,0.6292210490121635,0,0.3320694298781812
2015,Europe,European Rabbit,45942,Urban,Least Concern,-14.14315081293216,0.5207954268685798,0,0.27253313085054637
2016,Europe,European Rabbit,44226,Forest,Least Concern,-3.73514431239389,0.49621054742904624,0,0.2717786736148665
2017,Europe,European Rabbit,40723,Desert,Least Concern,-7.92068014290237,0.4460235819997421,0,0.30445964636836004
2018,Europe,European Rabbit,40815,Urban,Near Threatened,0.2259165582103373,0.44734165245920426,0,0.24196130041971972
2019,Europe,European Rabbit,71454,Urban,Least Concern,75.06798970966557,0.8863020960185676,0,0.33132862528343354
2020,Europe,European Rabbit,37257,Forest,Least Concern,-47.8587622806281,0.3963667101247869,0,0.21359896803783862
2021,Europe,European Rabbit,45682,Forest,Least Concern,22.613200203988516,0.5170704451353171,0,0.2643557767425711
2022,Europe,European Rabbit,45735,Urban,Least Concern,0.11601943872860954,0.5178297683347899,0,0.2755236666606423
2023,Europe,European Rabbit,64509,Urban,Least Concern,41.04952443424072,0.7868021031819941,0,0.35544302960510005
2024,Europe,European Rabbit,78626,Urban,Least Concern,21.88376815638129,0.9890542844453359,0,0.39350382863720534
2025,Europe,European Rabbit,78012,Urban,Least Concern,-0.7809121664589358,0.9802575968137079,0,0.3589498191723338
2000,Europe,Hare,30783,Forest,Vulnerable,,0.537682701020368,0,0.25860243959810475
2001,Europe,Hare,26809,Forest,Least Concern,-12.909722899002695,0.45940196194303273,0,0.15744623371742017
2002,Europe,Hare,16958,Urban,Near Threatened,-36.74512290648663,0.265354765000197,0,0.15725585837884956
2003,Europe,Hare,15435,Grassland,Endangered,-8.981011911782055,0.2353543710357326,1,0.1426300858460316
2004,Europe,Hare,14336,Forest,Vulnerable,-7.120181405895687,0.21370602371666075,0,0.10327711780766653
2005,Europe,Hare,32334,Desert,Least Concern,125.54408482142856,0.5682346452349998,0,0.23782869331764186
2006,Europe,Hare,35915,Forest,Least Concern,11.07502938083751,0.6387739825867707,0,0.30048609890983324
2007,Europe,Hare,25279,Desert,Least Concern,-29.614367256021158,0.42926368041602647,0,0.16887003573933665
2008,Europe,Hare,27181,Grassland,Least Concern,7.5240318050555866,0.4667297009809715,0,0.21024256675226632
2009,Europe,Hare,19345,Forest,Least Concern,-28.828961406865094,0.3123744238269708,0,0.1544412332944802
2010,Europe,Hare,31576,Grassland,Least Concern,63.225639700180935,0.5533033920340386,0,0.19810154774676428
2011,Europe,Hare,35681,Urban,Vulnerable,13.000380035469972,0.6341645983532286,0,0.22519486257060808
2012,Europe,Hare,13925,Forest,Vulnerable,-60.97362742075614,0.20561005397313162,0,0.1333556789886995
2013,Europe,Hare,39772,Forest,Least Concern,185.6157989228007,0.7147500295473348,0,0.21383830400395717
2014,Europe,Hare,20928,Forest,Least Concern,-47.38006637835663,0.34355671118465114,0,0.12987383719847836
2015,Europe,Hare,44200,Forest,Vulnerable,111.20030581039755,0.8019737619666706,0,0.2621993901787939
2016,Europe,Hare,34614,Grassland,Least Concern,-21.68778280542987,0.6131465941772052,0,0.21271078118086623
2017,Europe,Hare,23013,Urban,Near Threatened,-33.515340613624545,0.38462750659890477,0,0.17205338118201188
2018,Europe,Hare,45050,Grassland,Least Concern,95.75891887194194,0.8187172517038963,0,0.267067415996775
2019,Europe,Hare,34499,Grassland,Least Concern,-23.420643729189795,0.6108812985068747,0,0.1599701380420015
2020,Europe,Hare,39406,Forest,Least Concern,14.223600684077798,0.7075404798487176,0,0.2259194496201806
2021,Europe,Hare,39557,Grassland,Least Concern,0.383190377099929,0.7105149115549777,0,0.22891120048609703
2022,Europe,Hare,32932,Grassland,Least Concern,-16.74798392193544,0.5800141827207186,0,0.19839390817685082
2023,Europe,Hare,29448,Forest,Near Threatened,-10.579375683226043,0.5113855730213135,0,0.16225776768839983
2024,Europe,Hare,25989,Forest,Near Threatened,-11.746128769356156,0.443249418902415,0,0.13006856513688003
2025,Europe,Hare,36501,Forest,Least Concern,40.447881796144515,0.6503171413938462,0,0.1679488713224806
2000,Europe,Jackrabbit,15637,Forest,Near Threatened,,0.34946018893387315,0,0.13136362108941832
2001,Europe,Jackrabbit,23550,Forest,Least Concern,50.6043358700518,0.5274403958614485,0,0.13830649423869762
2002,Europe,Jackrabbit,16056,Grassland,Least Concern,-31.821656050955415,0.3588843904633378,0,0.14889138236412364
2003,Europe,Jackrabbit,17567,Urban,Endangered,9.410812157448923,0.3928699955015745,1,0.1623312418566399
2004,Europe,Jackrabbit,6665,Forest,Endangered,-62.059543462173394,0.1476608187134503,1,0.048014926770933136
2005,Europe,Jackrabbit,26218,Urban,Near Threatened,293.36834208552136,0.5874493927125506,0,0.19284322018314884
2006,Europe,Jackrabbit,15757,Grassland,Least Concern,-39.90006865512243,0.3521592442645074,0,0.13183236699212703
2007,Europe,Jackrabbit,28096,Urban,Vulnerable,78.30805356349559,0.6296896086369771,0,0.18768829954240288
2008,Europe,Jackrabbit,20623,Urban,Endangered,-26.598092255125284,0.4616059379217274,1,0.15951703227004116
2009,Europe,Jackrabbit,18581,Forest,Least Concern,-9.901566212481205,0.4156770130454341,0,0.14834182247840458
2010,Europe,Jackrabbit,27845,Forest,Least Concern,49.85738119584522,0.6240440845704004,0,0.17469399534483948
2011,Europe,Jackrabbit,18289,Forest,Least Concern,-34.31854911115102,0.4091093117408907,0,0.11542806652150589
2012,Europe,Jackrabbit,18149,Forest,Least Concern,-0.7654874514735677,0.4059604138551507,0,0.17380769967439189
2013,Europe,Jackrabbit,18150,Desert,Least Concern,0.005509945451542819,0.405982905982906,0,0.09758536703388873
2014,Europe,Jackrabbit,26169,Forest,Endangered,44.18181818181819,0.5863472784525416,1,0.16239814820560874
2015,Europe,Jackrabbit,21380,Grassland,Least Concern,-18.30027895601666,0.47863247863247865,0,0.1268285738014166
2016,Europe,Jackrabbit,30125,Urban,Least Concern,40.902712815715624,0.6753261358524516,0,0.18512487095029742
2017,Europe,Jackrabbit,23763,Forest,Least Concern,-21.11867219917013,0.5322312190733244,0,0.1776606482000673
2018,Europe,Jackrabbit,14445,Grassland,Vulnerable,-39.212220679207164,0.32264957264957267,0,0.0856334922102867
2019,Europe,Jackrabbit,24836,Grassland,Least Concern,71.9349255797854,0.5563652721547458,0,0.11516329019424183
2020,Europe,Jackrabbit,36618,Forest,Least Concern,47.43920115960702,0.8213675213675213,0,0.2099355023649133
2021,Europe,Jackrabbit,27995,Desert,Least Concern,-23.54852804631602,0.6274179037336932,0,0.1620034142530598
2022,Europe,Jackrabbit,12183,Forest,Vulnerable,-56.481514556170744,0.2717723796671165,0,0.07339466122065388
2023,Europe,Jackrabbit,28456,Grassland,Least Concern,133.57136994172208,0.6377867746288799,0,0.1567918716836833
2024,Europe,Jackrabbit,28690,Desert,Least Concern,0.8223221816137105,0.6430499325236168,0,0.1435864070867324
2025,Europe,Jackrabbit,29772,Desert,Near Threatened,3.7713489020564595,0.6673864147548358,0,0.13698730985487775
2000,Europe,Pygmy Rabbit,13731,Grassland,Vulnerable,,0.3933910533910534,0,0.11535165832185221
2001,Europe,Pygmy Rabbit,17999,Urban,Least Concern,31.082950986818147,0.5165656565656566,0,0.10570609723152095
2002,Europe,Pygmy Rabbit,100,Urban,Endangered,-99.44441357853215,0.0,1,0.0009273255005239389
2003,Europe,Pygmy Rabbit,1591,Forest,Near Threatened,1491.0,0.04303030303030303,0,0.014701941469454891
2004,Europe,Pygmy Rabbit,8151,Desert,Vulnerable,412.3192960402263,0.23235209235209237,0,0.05872013024904366
2005,Europe,Pygmy Rabbit,2593,Forest,Vulnerable,-68.18795239847871,0.07194805194805194,0,0.01907248722003604
2006,Europe,Pygmy Rabbit,100,Forest,Near Threatened,-96.14346317007328,0.0,0,0.0008366590530692838
2007,Europe,Pygmy Rabbit,9952,Grassland,Least Concern,9852.0,0.2843290043290043,0,0.06648184642105615
2008,Europe,Pygmy Rabbit,6457,Urban,Near Threatened,-35.1185691318328,0.18346320346320347,0,0.049944308653816404
2009,Europe,Pygmy Rabbit,10570,Urban,Vulnerable,63.69831190955553,0.3021645021645022,0,0.08438582765172684
2010,Europe,Pygmy Rabbit,700,Desert,Endangered,-93.37748344370861,0.017316017316017316,1,0.004391660863400526
2011,Europe,Pygmy Rabbit,3781,Forest,Endangered,440.1428571428571,0.10623376623376624,1,0.02386317018523778
2012,Europe,Pygmy Rabbit,9207,Grassland,Near Threatened,143.50700872784978,0.26282828282828286,0,0.08817276383834514
2013,Europe,Pygmy Rabbit,16239,Forest,Least Concern,76.37666992505703,0.4657720057720058,0,0.08731067632304788
2014,Europe,Pygmy Rabbit,20772,Forest,Least Concern,27.91428043598745,0.5965945165945166,0,0.12890574093495757
2015,Europe,Pygmy Rabbit,5521,Urban,Vulnerable,-73.42095128057,0.15645021645021645,0,0.03275119532074935
2016,Europe,Pygmy Rabbit,6631,Forest,Vulnerable,20.10505343234921,0.18848484848484848,0,0.040748979892827296
2017,Europe,Pygmy Rabbit,12103,Grassland,Least Concern,82.5214899713467,0.3464069264069264,0,0.090486336959366
2018,Europe,Pygmy Rabbit,16550,Grassland,Least Concern,36.74295629182846,0.47474747474747475,0,0.09811244694221147
2019,Europe,Pygmy Rabbit,23376,Urban,Near Threatened,41.24471299093655,0.6717460317460318,0,0.10839334319458033
2020,Europe,Pygmy Rabbit,3200,Forest,Endangered,-86.3107460643395,0.08946608946608947,1,0.018345993980220725
2021,Europe,Pygmy Rabbit,11628,Grassland,Near Threatened,263.375,0.3326984126984127,0,0.06728971962616823
2022,Europe,Pygmy Rabbit,18212,Urban,Least Concern,56.621947024423804,0.5227128427128427,0,0.10971546992945486
2023,Europe,Pygmy Rabbit,22000,Urban,Near Threatened,20.79947287502746,0.6320346320346321,0,0.12121946784653616
2024,Europe,Pygmy Rabbit,20096,Forest,Near Threatened,-8.65454545454546,0.5770851370851371,0,0.10057554676943097
2025,Europe,Pygmy Rabbit,34750,Urban,Least Concern,72.91998407643312,1.0,0,0.15989214757009948
2000,North America,Cottontail,38762,Forest,Least Concern,,0.5022985141440403,0,0.31272791815922807
2001,North America,Cottontail,49949,Forest,Least Concern,28.860739899901965,0.694908834214287,0,0.4253838751160355
2002,North America,Cottontail,26846,Forest,Endangered,-46.253178241806644,0.29713675728723676,1,0.2419561259621104
2003,North America,Cottontail,51584,Grassland,Least Concern,92.14780600461894,0.723059175978375,0,0.32522129473179834
2004,North America,Cottontail,49812,Grassland,Least Concern,-3.435173697270466,0.6925500593998037,0,0.28349790842605505
2005,North America,Cottontail,29985,Forest,Least Concern,-39.80366176824861,0.3511819700074035,0,0.25366518057306253
2006,North America,Cottontail,29936,Desert,Least Concern,-0.1634150408537649,0.3503383206212014,0,0.21634903771798597
2007,North America,Cottontail,44592,Forest,Least Concern,48.9577765900588,0.6026755737676693,0,0.28703661982710343
2008,North America,Cottontail,51663,Urban,Least Concern,15.857104413347688,0.7244193453969456,0,0.29104439774884655
2009,North America,Cottontail,56872,Forest,Vulnerable,10.082651026847067,0.814104440350545,0,0.29927748630486606
2010,North America,Cottontail,52745,Grassland,Vulnerable,-7.256646504431008,0.7430485012310394,0,0.2943030911728602
2011,North America,Cottontail,41624,Forest,Least Concern,-21.0844629822732,0.5515745252320036,0,0.2625606348285193
2012,North America,Cottontail,39568,Desert,Vulnerable,-4.939458004997121,0.516175685680343,0,0.22602665387098064
2013,North America,Cottontail,49375,Forest,Least Concern,24.785179943388602,0.6850260842616346,0,0.2569968197456838
2014,North America,Cottontail,56531,Urban,Least Concern,14.493164556962036,0.8082333293159553,0,0.33304465653352183
2015,North America,Cottontail,45326,Urban,Least Concern,-19.82098317737171,0.6153130972262875,0,0.2424744959370035
2016,North America,Cottontail,54235,Grassland,Least Concern,19.65538542999603,0.768702329505346,0,0.33328826808089623
2017,North America,Cottontail,53648,Grassland,Least Concern,-1.0823269106665423,0.758595754205334,0,0.3725684919615264
2018,North America,Cottontail,41354,Forest,Least Concern,-22.916045332538026,0.5469258449406863,0,0.2149666794889122
2019,North America,Cottontail,33665,Grassland,Least Concern,-18.593122793441985,0.414541760644617,0,0.19463925393585838
2020,North America,Cottontail,37286,Urban,Least Concern,10.755978018713797,0.4768857285515057,0,0.2369953218753178
2021,North America,Cottontail,48851,Desert,Endangered,31.01700370112106,0.6760042010295966,1,0.2832894538453509
2022,North America,Cottontail,22091,Forest,Vulnerable,-54.778817219708905,0.21526833215681548,0,0.14070252539728034
2023,North America,Cottontail,39757,Urban,Least Concern,79.96921823366982,0.519429761884265,0,0.20953078637947117
2024,North America,Cottontail,57073,Forest,Least Concern,43.55459415951908,0.8175651245674145,0,0.270951723090216
2025,North America,Cottontail,56901,Grassland,Least Concern,-0.30136842289699706,0.8146037430485012,0,0.2670781506688571
2000,North America,European Rabbit,39254,Forest,Least Concern,,0.42497743520680814,0,0.31669732468454515
2001,North America,European Rabbit,47747,Forest,Least Concern,21.636011616650542,0.5466553962091147,0,0.40663084116129145
2002,North America,European Rabbit,33406,Forest,Least Concern,-30.035394893920042,0.34119399991403887,0,0.30107972673360134
2003,North America,European Rabbit,59982,Grassland,Least Concern,79.55457103514338,0.7219444404647631,0,0.3781681083398482
2004,North America,European Rabbit,65547,Urban,Vulnerable,9.27778333500051,0.8016733764094042,0,0.37305142141657893
2005,North America,European Rabbit,33097,Urban,Least Concern,-49.506461012708435,0.33676700239258445,0,0.2799918786535484
2006,North America,European Rabbit,32129,Forest,Least Concern,-2.9247363809408733,0.32289860886259114,0,0.23219796341666124
2007,North America,European Rabbit,49991,Forest,Endangered,55.59463413115877,0.5788048539377355,1,0.32178973048476694
2008,North America,European Rabbit,68938,Grassland,Least Concern,37.900822147986645,0.8502557343228413,0,0.38836340692584603
2009,North America,European Rabbit,75747,Urban,Least Concern,9.876990919376837,0.9478072751758622,0,0.39860338576337545
2010,North America,European Rabbit,73584,Grassland,Least Concern,-2.855558635985589,0.9168182925256809,0,0.4105791764312019
2011,North America,European Rabbit,43460,Desert,Least Concern,-40.93824744509676,0.48523617816874165,0,0.2741419659246456
2012,North America,European Rabbit,71128,Grassland,Least Concern,63.66313851817764,0.881631541999169,0,0.40630873019953273
2013,North America,European Rabbit,78129,Urban,Least Concern,9.84281858058711,0.9819338385936761,0,0.40666135756780813
2014,North America,European Rabbit,36420,Urban,Least Concern,-53.38478669892102,0.3843751343142452,0,0.2145634499823259
2015,North America,European Rabbit,69065,Forest,Least Concern,89.63481603514552,0.8520752446310119,0,0.3694678785220215
2016,North America,European Rabbit,67606,Grassland,Least Concern,-2.1125027148338527,0.8311723663662803,0,0.41545656221770205
2017,North America,European Rabbit,31595,Grassland,Least Concern,-53.2659823092625,0.31524806945658246,0,0.21941734087989168
2018,North America,European Rabbit,69384,Grassland,Least Concern,119.60436777971198,0.8566455106806687,0,0.36067244014263883
2019,North America,European Rabbit,59109,Grassland,Least Concern,-14.808889657557934,0.7094370979526927,0,0.34174756158902875
2020,North America,European Rabbit,57886,Forest,Least Concern,-2.0690588573652025,0.691915356953538,0,0.3679319637953829
2021,North America,European Rabbit,38924,Forest,Least Concern,-32.75748885740939,0.4202495737761286,0,0.22572227183632756
2022,North America,European Rabbit,56646,Forest,Least Concern,45.529750282602,0.6741500594564392,0,0.36079105760963026
2023,North America,European Rabbit,76676,Forest,Least Concern,35.35995480704728,0.961116921445866,0,0.4041044992437139
2024,North America,European Rabbit,58009,Forest,Least Concern,-24.345297094266783,0.6936775598504277,0,0.2753953446417805
2025,North America,European Rabbit,52733,Forest,Least Concern,-9.095140409246838,0.6180890843708362,0,0.24751466791832902
2000,North America,Hare,21499,Forest,Least Concern,,0.3548043966434228,0,0.1734517700971375
2001,North America,Hare,12445,Forest,Near Threatened,-42.11358667845017,0.17645668360713865,0,0.10598615239182088
2002,North America,Hare,33243,Urban,Endangered,167.11932503013261,0.5861403301422212,1,0.2996106494583341
2003,North America,Hare,20215,Urban,Least Concern,-39.19020545678789,0.3295118780286018,0,0.12744937331349457
2004,North America,Hare,28024,Grassland,Near Threatened,38.62973039821915,0.48333530315565537,0,0.15949460743860447
2005,North America,Hare,27313,Forest,Least Concern,-2.5371110476734238,0.4693298664460466,0,0.23106076628287664
2006,North America,Hare,29259,Desert,Vulnerable,7.124812360414445,0.5076626088326833,0,0.2114563233094118
2007,North America,Hare,23523,Urban,Least Concern,-19.60422434122834,0.3946736004412402,0,0.1514164515651452
2008,North America,Hare,18305,Grassland,Least Concern,-22.18254474344259,0.29188827167789466,0,0.1031215318659899
2009,North America,Hare,36713,Forest,Least Concern,100.56268779022126,0.6544931647165426,0,0.19319479453352348
2010,North America,Hare,24131,Urban,Least Concern,-34.27123907062894,0.40665012015916163,0,0.13464457091842427
2011,North America,Hare,37731,Forest,Least Concern,56.35904023869711,0.6745459559547728,0,0.2380039235228441
2012,North America,Hare,26844,Forest,Near Threatened,-28.854257772123717,0.46009139975574204,0,0.15334258735626274
2013,North America,Hare,17816,Forest,Vulnerable,-33.63135151244225,0.2822558405231848,0,0.09273226006256409
2014,North America,Hare,40793,Desert,Least Concern,128.9683430624158,0.734861915455226,0,0.2403263815246848
2015,North America,Hare,34294,Forest,Least Concern,-15.931654940798667,0.6068431627467202,0,0.18345806741524948
2016,North America,Hare,27724,Forest,Least Concern,-19.15787018137284,0.4774258361895757,0,0.1703712352590535
2017,North America,Hare,31990,Desert,Least Concern,15.387389987014854,0.5614584564472285,0,0.22216049168373903
2018,North America,Hare,33601,Urban,Least Concern,5.035948733979367,0.5931922940550762,0,0.17466497551644192
2019,North America,Hare,42054,Grassland,Least Concern,25.156989375316208,0.7597013749359808,0,0.24314151745191112
2020,North America,Hare,25488,Forest,Least Concern,-39.392210015694104,0.43338060906906195,0,0.16200549171158343
2021,North America,Hare,39516,Forest,Least Concern,55.03766478342749,0.7097072844029468,0,0.2291553101912527
2022,North America,Hare,43310,Urban,Least Concern,9.601174207915776,0.7844423433006343,0,0.27585108754498266
2023,North America,Hare,36433,Grassland,Least Concern,-15.878549988455326,0.6489776622148682,0,0.19201235355190968
2024,North America,Hare,27807,Urban,Least Concern,-23.676337386435375,0.47906078871685775,0,0.13201259026106277
2025,North America,Hare,43849,Grassland,Least Concern,57.69050958391772,0.7950596856163574,0,0.2058155362590941
2000,North America,Jackrabbit,16038,Grassland,Least Concern,,0.3584795321637427,0,0.12939297124600638
2001,North America,Jackrabbit,7180,Forest,Near Threatened,-55.23132560169597,0.1592442645074224,0,0.061147494911472394
2002,North America,Jackrabbit,15364,Forest,Least Concern,113.983286908078,0.34331983805668015,0,0.1384717991239613
2003,North America,Jackrabbit,17775,Forest,Least Concern,15.692527987503247,0.39754835807467387,0,0.1120659218722417
2004,North America,Jackrabbit,21800,Forest,Near Threatened,22.64416315049227,0.4880791722896986,0,0.12407159727953103
2005,North America,Jackrabbit,16984,Forest,Least Concern,-22.09174311926605,0.3797570850202429,0,0.1436801543055826
2006,North America,Jackrabbit,31681,Forest,Least Concern,86.53438530381537,0.7103238866396762,0,0.22896024398528572
2007,North America,Jackrabbit,26419,Grassland,Least Concern,-16.609324200624975,0.591970310391363,0,0.17005786820981894
2008,North America,Jackrabbit,22389,Urban,Least Concern,-15.254173132972483,0.5013270355375619,0,0.12612881600369558
2009,North America,Jackrabbit,6972,Forest,Least Concern,-68.85970789226852,0.15456590193432299,0,0.036688750782767024
2010,North America,Jackrabbit,17856,Forest,Near Threatened,156.11015490533563,0.39937022042285203,0,0.0996317375292936
2011,North America,Jackrabbit,20326,Grassland,Least Concern,13.832885304659492,0.45492577597840755,0,0.128214670947638
2012,North America,Jackrabbit,22486,Forest,Least Concern,10.626783430089537,0.5035087719298246,0,0.12844812320417687
2013,North America,Jackrabbit,28179,Forest,Least Concern,25.317975629280443,0.6315564552406657,0,0.14667166346559235
2014,North America,Jackrabbit,24391,Urban,Vulnerable,-13.442634586039247,0.5463562753036437,0,0.1436962413102392
2015,North America,Jackrabbit,31138,Grassland,Near Threatened,27.66184248288304,0.698110661268556,0,0.16657483242479845
2016,North America,Jackrabbit,13062,Urban,Near Threatened,-58.051255700430346,0.2915429599640126,0,0.0802694082727513
2017,North America,Jackrabbit,25309,Grassland,Least Concern,93.76052671872608,0.5670040485829959,0,0.17576304732803222
2018,North America,Jackrabbit,31917,Forest,Near Threatened,26.109289185665176,0.7156320287899235,0,0.16591119382037073
2019,North America,Jackrabbit,21949,Grassland,Least Concern,-31.23100542030892,0.4914304993252362,0,0.12690144020906446
2020,North America,Jackrabbit,26878,Forest,Least Concern,22.456603945510057,0.6022941970310391,0,0.17084053696735482
2021,North America,Jackrabbit,23190,Desert,Near Threatened,-13.721259022248677,0.5193432298695456,0,0.1344799990721518
2022,North America,Jackrabbit,18854,Urban,Near Threatened,-18.69771453212592,0.4218173639226271,0,0.1200853476003949
2023,North America,Jackrabbit,26103,Grassland,Vulnerable,38.448074679113176,0.5848627980206927,0,0.13757029244820626
2024,North America,Jackrabbit,36719,Forest,Least Concern,40.66965482894687,0.8236392262708052,0,0.174321944179378
2025,North America,Jackrabbit,34675,Forest,Least Concern,-5.566600397614319,0.7776653171390013,0,0.16275522177892512
2000,North America,Pygmy Rabbit,8395,Forest,Near Threatened,,0.23939393939393938,0,0.06773001581308291
2001,North America,Pygmy Rabbit,100,Urban,Endangered,-98.80881477069684,0.0,1,0.0008516364193798384
2002,North America,Pygmy Rabbit,2095,Forest,Vulnerable,1995.0,0.05757575757575758,0,0.0188816987219929
2003,North America,Pygmy Rabbit,9056,Forest,Vulnerable,332.26730310262525,0.25847041847041846,0,0.057095301742617205
2004,North America,Pygmy Rabbit,10522,Grassland,Near Threatened,16.188162544169614,0.30077922077922076,0,0.05988446543923053
2005,North America,Pygmy Rabbit,10828,Forest,Vulnerable,2.9081923588671454,0.3096103896103896,0,0.09160202018492983
2006,North America,Pygmy Rabbit,15364,Grassland,Least Concern,41.891392685629846,0.44051948051948053,0,0.11103643157065528
2007,North America,Pygmy Rabbit,10828,Desert,Near Threatened,-29.523561572507163,0.3096103896103896,0,0.0696993299131655
2008,North America,Pygmy Rabbit,16214,Forest,Least Concern,49.74141115626154,0.46505050505050505,0,0.09134184745562197
2009,North America,Pygmy Rabbit,13727,Grassland,Near Threatened,-15.338596274824223,0.3932756132756133,0,0.072235582615468
2010,North America,Pygmy Rabbit,10904,Urban,Endangered,-20.56530924455453,0.3118037518037518,1,0.060841423948220064
2011,North America,Pygmy Rabbit,15390,Urban,Near Threatened,41.1408657373441,0.44126984126984126,0,0.09707880477635289
2012,North America,Pygmy Rabbit,15033,Desert,Near Threatened,-2.3196881091617882,0.43096681096681094,0,0.085873905369047
2013,North America,Pygmy Rabbit,18624,Grassland,Least Concern,23.887447615246458,0.5346031746031746,0,0.09693789915835169
2014,North America,Pygmy Rabbit,11605,Forest,Least Concern,-37.68792955326461,0.332034632034632,0,0.06836927064922824
2015,North America,Pygmy Rabbit,7108,Forest,Endangered,-38.7505385609651,0.20225108225108226,1,0.03802472570092708
2016,North America,Pygmy Rabbit,100,Forest,Vulnerable,-98.59313449634215,0.0,0,0.0006145261695969323
2017,North America,Pygmy Rabbit,1453,Urban,Vulnerable,1353.0,0.039047619047619046,0,0.010090628146810653
2018,North America,Pygmy Rabbit,16118,Desert,Least Concern,1009.2911218169306,0.4622799422799423,0,0.08378471103163629
2019,North America,Pygmy Rabbit,16184,Grassland,Least Concern,0.40948008437771133,0.4641847041847042,0,0.09357022681413729
2020,North America,Pygmy Rabbit,9790,Urban,Least Concern,-39.50815620365793,0.27965367965367965,0,0.062226685650361026
2021,North America,Pygmy Rabbit,21961,Forest,Least Concern,124.32073544433094,0.6309090909090909,0,0.12735296505491703
2022,North America,Pygmy Rabbit,16104,Grassland,Least Concern,-26.670005919584717,0.4618759018759019,0,0.10256998184771185
2023,North America,Pygmy Rabbit,10774,Urban,Least Concern,-33.097367113760555,0.3080519480519481,0,0.05678206837669901
2024,North America,Pygmy Rabbit,31031,Urban,Least Concern,188.01744941525897,0.8926695526695527,0,0.14731839782756279
2025,North America,Pygmy Rabbit,24892,Urban,Least Concern,-19.783442364087524,0.7154978354978355,0,0.11683642337479465
2000,South America,Cottontail,9588,Forest,Near Threatened,,0.0,0,0.10930855611924985
2001,South America,Cottontail,16349,Forest,Least Concern,70.51522736754276,0.11640639796146761,0,0.19628300097247067
2002,South America,Cottontail,18142,Forest,Least Concern,10.967031622729229,0.14727707856269692,0,0.2607808187672493
2003,South America,Cottontail,32274,Desert,Least Concern,77.89659353985228,0.39059244847712676,0,0.3983755894043005
2004,South America,Cottontail,27763,Grassland,Least Concern,-13.977195265538821,0.3129250529433033,0,0.26223918238577865
2005,South America,Cottontail,15864,Grassland,Least Concern,-42.85920109498254,0.10805599077150875,0,0.19104506370577326
2006,South America,Cottontail,38355,Urban,Least Concern,141.77382753403936,0.4952910590382397,0,0.2921773708226368
2007,South America,Cottontail,19603,Desert,Least Concern,-48.890627036892184,0.1724316041390472,0,0.22983128744445616
2008,South America,Cottontail,13068,Desert,Vulnerable,-33.33673417334082,0.059916323754756286,0,0.1728045700382159
2009,South America,Cottontail,28244,Desert,Least Concern,116.13100704009796,0.32120659079561303,0,0.284004866816157
2010,South America,Cottontail,42191,Desert,Least Concern,49.380399376858804,0.5613367538437699,0,0.4236299375464385
2011,South America,Cottontail,31807,Forest,Least Concern,-24.61188405110094,0.3825519533065891,0,0.30635203467372984
2012,South America,Cottontail,17301,Forest,Near Threatened,-45.60631307573805,0.13279730032196416,0,0.20227990178884603
2013,South America,Cottontail,37122,Desert,Least Concern,114.5656320443905,0.4740620857078907,0,0.264170278175103
2014,South America,Cottontail,40876,Desert,Near Threatened,10.112601691719192,0.5386959590916134,0,0.3404007261704502
2015,South America,Cottontail,19213,Grassland,Near Threatened,-52.996868578138766,0.16571684371825554,0,0.1783820921574271
2016,South America,Cottontail,29521,Forest,Least Concern,53.65117368448446,0.3431931268401026,0,0.23387601505248565
2017,South America,Cottontail,26253,Forest,Least Concern,-11.070085701703869,0.286926877980751,0,0.1895085611988566
2018,South America,Cottontail,29540,Desert,Near Threatened,12.52047385060755,0.34352025619393606,0,0.24049890904354057
2019,South America,Cottontail,42983,Forest,Least Concern,45.50778605280974,0.5749728826983006,0,0.29813901547467936
2020,South America,Cottontail,36158,Grassland,Least Concern,-15.878370518577112,0.45746457533444673,0,0.25928820876150044
2021,South America,Cottontail,30371,Desert,Endangered,-16.004756900271033,0.357827861090546,1,0.2714386579556525
2022,South America,Cottontail,40860,Forest,Least Concern,34.53623522439169,0.5384204817410169,0,0.31345894194181906
2023,South America,Cottontail,27001,Forest,Least Concern,-33.91825746451297,0.2998054441211412,0,0.2568514977692798
2024,South America,Cottontail,37245,Urban,Near Threatened,37.93933558016369,0.4761798178406019,0,0.2652192179789363
2025,South America,Cottontail,46552,Grassland,Least Concern,24.988589072358703,0.6364215492157504,0,0.32498167475304546
2000,South America,European Rabbit,27063,Forest,Near Threatened,,0.25031877247525036,0,0.3085333181325885
2001,South America,European Rabbit,12905,Grassland,Vulnerable,-52.3149687765584,0.0474791902462786,0,0.15493498853445067
2002,South America,European Rabbit,21307,Forest,Least Concern,65.10654784967068,0.1678534076419433,0,0.3062758739650414
2003,South America,European Rabbit,32171,Forest,Least Concern,50.987938236260376,0.3235003366810413,0,0.39710420421161774
2004,South America,European Rabbit,51508,Forest,Vulnerable,60.106928600292186,0.6005386896660411,0,0.48652580075376173
2005,South America,European Rabbit,19252,Grassland,Endangered,-62.62328182029976,0.13841172509634808,1,0.23184566102266432
2006,South America,European Rabbit,53525,Forest,Least Concern,178.023062538957,0.6294359518044671,0,0.4077380725663312
2007,South America,European Rabbit,40198,Grassland,Least Concern,-24.898645492760394,0.43850198426911563,0,0.4712930721161174
2008,South America,European Rabbit,41636,Grassland,Least Concern,3.5772924026070907,0.45910399862462214,0,0.5505732383005171
2009,South America,European Rabbit,33982,Forest,Vulnerable,-18.383129983667978,0.3494462671384977,0,0.34170278233064183
2010,South America,European Rabbit,17816,Grassland,Near Threatened,-47.572244129244886,0.11783836444648205,0,0.17888627828985681
2011,South America,European Rabbit,27152,Grassland,Least Concern,52.40233497979345,0.2515938623762518,0,0.26151697568023113
2012,South America,European Rabbit,27157,Desert,Near Threatened,0.018414849734815775,0.25166549664035304,0,0.3175143224599556
2013,South America,European Rabbit,49643,Desert,Least Concern,82.80001472916743,0.5738191091562916,0,0.35327312966560637
2014,South America,European Rabbit,37852,Urban,Least Concern,-23.751586326370287,0.40489118755283027,0,0.3152179344114855
2015,South America,European Rabbit,48576,Forest,Least Concern,28.331395963225205,0.5585323571970945,0,0.4510013276760099
2016,South America,European Rabbit,42598,Grassland,Least Concern,-12.306488801054016,0.47288643103769396,0,0.33747672806496337
2017,South America,European Rabbit,35766,Desert,Least Concern,-16.038311657824313,0.3750053725698076,0,0.25817861577108536
2018,South America,European Rabbit,45303,Forest,Least Concern,26.664989095789295,0.5116405679164457,0,0.3688328394177223
2019,South America,European Rabbit,36446,Grassland,Least Concern,-19.55058163918504,0.38474763248757143,0,0.2527970257541392
2020,South America,European Rabbit,50239,Desert,Least Concern,37.845031004774185,0.5823579134371553,0,0.36026274461997404
2021,South America,European Rabbit,49408,Grassland,Vulnerable,-1.6540934333884039,0.570452298743535,0,0.4415804949548213
2022,South America,European Rabbit,34487,Desert,Least Concern,-30.199562823834192,0.3566813278127194,0,0.26456824598011536
2023,South America,European Rabbit,26867,Desert,Least Concern,-22.095282280279527,0.24751070932248312,0,0.2555768005098789
2024,South America,European Rabbit,46883,Desert,Least Concern,74.500316373246,0.5342769953724266,0,0.33385078793143963
2025,South America,European Rabbit,42126,Forest,Least Concern,-10.146534991361477,0.4661241565065402,0,0.2940835631261126
2000,South America,Hare,26257,Desert,Near Threatened,,0.4485285427254462,0,0.29934446787892605
2001,South America,Hare,31251,Forest,Least Concern,19.01968998743193,0.5469014694874522,0,0.37519359369935046
2002,South America,Hare,19034,Grassland,Near Threatened,-39.09314901923139,0.3062482764054682,0,0.2736028058877645
2003,South America,Hare,14967,Grassland,Endangered,-21.367027424608597,0.22613560256864831,1,0.18474584639691904
2004,South America,Hare,14344,Grassland,Vulnerable,-4.162490813122199,0.2138636095024229,0,0.13548819767826276
2005,South America,Hare,17874,Urban,Least Concern,24.609592861126607,0.2833983374699602,0,0.2152508490088875
2006,South America,Hare,16820,Desert,Least Concern,-5.89683338928052,0.26263641019580036,0,0.12812992770790643
2007,South America,Hare,10235,Forest,Endangered,-39.14982164090368,0.13292361029035182,1,0.11999812411335045
2008,South America,Hare,13985,Forest,Endangered,36.6389838788471,0.20679194736634757,1,0.18493051055895693
2009,South America,Hare,14451,Forest,Vulnerable,3.332141580264558,0.2159713193869913,0,0.14531066174622168
2010,South America,Hare,15001,Desert,Near Threatened,3.8059649851221344,0.22680534215813733,0,0.15062152338494286
2011,South America,Hare,15201,Forest,Near Threatened,1.3332444503699747,0.23074498680219044,0,0.14640982422345292
2012,South America,Hare,16216,Desert,Least Concern,6.6771922899809155,0.25073868337075994,0,0.18959429439962586
2013,South America,Hare,15263,Forest,Vulnerable,-5.876911692155895,0.2319662766418469,0,0.10861567145591824
2014,South America,Hare,23539,Forest,Vulnerable,54.22262988927471,0.39498877201276444,0,0.19602438333805233
2015,South America,Hare,25457,Desert,Near Threatened,8.14817961680616,0.43276996414923374,0,0.236354183107876
2016,South America,Hare,30000,Desert,Least Concern,17.845779157009865,0.5222589922389,0,0.23767082590612001
2017,South America,Hare,31097,Urban,Least Concern,3.6566666666666636,0.5438679431115313,0,0.22447521150347935
2018,South America,Hare,25485,Forest,Least Concern,-18.046756921889575,0.4333215143994012,0,0.20748526394633146
2019,South America,Hare,38259,Desert,Least Concern,50.12360211889346,0.684946617815073,0,0.26537237031025657
2020,South America,Hare,22442,Urban,Least Concern,-41.341906479521164,0.3733798211401332,0,0.16093107973410015
2021,South America,Hare,12149,Urban,Vulnerable,-45.86489617681133,0.17062600953394003,0,0.10858082563969648
2022,South America,Hare,17199,Urban,Least Concern,41.56720717754547,0.270102036796281,0,0.1319427396587701
2023,South America,Hare,31097,Forest,Least Concern,80.80702366416652,0.5438679431115313,0,0.2958153781760414
2024,South America,Hare,25980,Urban,Least Concern,-16.454963501302377,0.4430721348934326,0,0.18500188704773163
2025,South America,Hare,27230,Desert,Vulnerable,4.811393379522699,0.46769491391876455,0,0.19009389507487173
2000,South America,Jackrabbit,16789,Desert,Least Concern,,0.3753711201079622,0,0.19140397879496096
2001,South America,Jackrabbit,18975,Desert,Near Threatened,13.020430043480857,0.4245389113810166,0,0.2278102601659203
2002,South America,Jackrabbit,5061,Grassland,Vulnerable,-73.32806324110672,0.11158344579397211,0,0.07274896504139834
2003,South America,Jackrabbit,100,Grassland,Vulnerable,-98.02410590792333,0.0,0,0.0012343545560026662
2004,South America,Jackrabbit,12154,Forest,Near Threatened,12054.0,0.27112010796221325,0,0.1148022556177918
2005,South America,Jackrabbit,27515,Desert,Least Concern,126.38637485601447,0.6166216824111561,0,0.3313543197090489
2006,South America,Jackrabbit,20107,Forest,Least Concern,-26.923496274759216,0.45,0,0.1531693493711578
2007,South America,Jackrabbit,3838,Desert,Vulnerable,-80.9121201571592,0.08407557354925776,0,0.04499783100606146
2008,South America,Jackrabbit,6834,Desert,Near Threatened,78.06149035956227,0.15146198830409358,0,0.09036933208150959
2009,South America,Jackrabbit,6428,Desert,Vulnerable,-5.9408838162130495,0.1423301844354476,0,0.06463614515983067
2010,South America,Jackrabbit,15627,Grassland,Near Threatened,143.10827629122588,0.3492352676563203,0,0.1569070425929273
2011,South America,Jackrabbit,19876,Forest,Near Threatened,27.19011966468292,0.444804318488529,0,0.1914375150493619
2012,South America,Jackrabbit,9398,Grassland,Endangered,-52.7168444355001,0.20913180386864597,1,0.10987957441833275
2013,South America,Jackrabbit,14522,Desert,Least Concern,54.522238774207274,0.32438146648672966,0,0.10334251332522078
2014,South America,Jackrabbit,6818,Desert,Vulnerable,-53.05054400220355,0.151102114260009,0,0.056777868456554685
2015,South America,Jackrabbit,8418,Grassland,Near Threatened,23.467292461132306,0.18708951866846604,0,0.07815648008021762
2016,South America,Jackrabbit,24006,Desert,Near Threatened,185.17462580185318,0.5376968061178587,0,0.19018419489007723
2017,South America,Jackrabbit,24850,Desert,Least Concern,3.5157877197367293,0.5566801619433198,0,0.17938093725637397
2018,South America,Jackrabbit,12150,Grassland,Least Concern,-51.10663983903421,0.2710301394511921,0,0.09891881329989904
2019,South America,Jackrabbit,23854,Grassland,Least Concern,96.32921810699588,0.5342780026990553,0,0.16545629842339998
2020,South America,Jackrabbit,19221,Desert,Near Threatened,-19.42231910790643,0.4300719748088169,0,0.13783336082208086
2021,South America,Jackrabbit,18314,Desert,Endangered,-4.71879714895167,0.40967161493477283,1,0.16368007578939842
2022,South America,Jackrabbit,22906,Desert,Least Concern,25.073714098503874,0.5129554655870445,0,0.17572419295446176
2023,South America,Jackrabbit,4808,Desert,Endangered,-79.00986641054746,0.10589293747188484,1,0.04573689868059321
2024,South America,Jackrabbit,18184,Forest,Least Concern,278.2029950083195,0.40674763832658567,0,0.1294870790637395
2025,South America,Jackrabbit,11862,Desert,Near Threatened,-34.766827980642326,0.2645524066576698,0,0.08280917309504694
2000,South America,Pygmy Rabbit,8018,Grassland,Least Concern,,0.2285137085137085,0,0.09140967907427464
2001,South America,Pygmy Rabbit,3813,Desert,Endangered,-52.44449987528061,0.10715728715728716,1,0.04577815662780786
2002,South America,Pygmy Rabbit,6024,Urban,Endangered,57.98583792289536,0.17096681096681096,1,0.08659153633854645
2003,South America,Pygmy Rabbit,1502,Forest,Endangered,-75.066401062417,0.04046176046176046,1,0.018540005431160047
2004,South America,Pygmy Rabbit,100,Grassland,Endangered,-93.3422103861518,0.0,1,0.0009445635644050667
2005,South America,Pygmy Rabbit,2533,Desert,Endangered,2433.0,0.07021645021645022,1,0.03050410655362605
2006,South America,Pygmy Rabbit,2466,Desert,Near Threatened,-2.645084879589421,0.06828282828282828,0,0.018785279531967732
2007,South America,Pygmy Rabbit,11419,Grassland,Vulnerable,363.0575831305758,0.32666666666666666,0,0.13387968532001454
2008,South America,Pygmy Rabbit,100,Desert,Least Concern,-99.1242665732551,0.0,0,0.00132234902080055
2009,South America,Pygmy Rabbit,16344,Forest,Vulnerable,16244.0,0.4688023088023088,0,0.1643455439471488
2010,South America,Pygmy Rabbit,8959,Forest,Near Threatened,-45.18477728830151,0.25567099567099566,0,0.08995521818583449
2011,South America,Pygmy Rabbit,9789,Urban,Vulnerable,9.264426833351935,0.2796248196248196,0,0.09428365037322417
2012,South America,Pygmy Rabbit,15458,Grassland,Least Concern,57.911941975686986,0.44323232323232326,0,0.1807319069332398
2013,South America,Pygmy Rabbit,23973,Forest,Least Concern,55.084745762711876,0.688975468975469,0,0.17059840737815163
2014,South America,Pygmy Rabbit,10997,Forest,Vulnerable,-54.12756017186001,0.3144877344877345,0,0.0915790876234573
2015,South America,Pygmy Rabbit,6043,Grassland,Vulnerable,-45.048649631717744,0.1715151515151515,0,0.05610591697846937
2016,South America,Pygmy Rabbit,100,Forest,Vulnerable,-98.34519278504055,0.0,0,0.0007922360863537334
2017,South America,Pygmy Rabbit,20566,Desert,Vulnerable,20466.0,0.5906493506493506,0,0.14845667427020473
2018,South America,Pygmy Rabbit,10350,Forest,Near Threatened,-49.67421958572401,0.2958152958152958,0,0.0842641742925066
2019,South America,Pygmy Rabbit,2629,Desert,Vulnerable,-74.59903381642512,0.07298701298701299,0,0.018235290037524884
2020,South America,Pygmy Rabbit,11391,Grassland,Vulnerable,333.28261696462533,0.32585858585858585,0,0.08168460606234448
2021,South America,Pygmy Rabbit,1647,Grassland,Vulnerable,-85.54121675006584,0.04464646464646465,0,0.01471994566043132
2022,South America,Pygmy Rabbit,14900,Desert,Near Threatened,804.6751669702489,0.42712842712842713,0,0.11430587946483368
2023,South America,Pygmy Rabbit,15350,Grassland,Vulnerable,3.0201342281879207,0.4401154401154401,0,0.1460194248642067
2024,South America,Pygmy Rabbit,12139,Desert,Near Threatened,-20.918566775244297,0.34744588744588745,0,0.08644102797815297
2025,South America,Pygmy Rabbit,15475,Desert,Near Threatened,27.481670648323586,0.44372294372294374,0,0.10803169395092324
